id,first_name,last_name,email,phone
bb72a33d-5e22-41f3-afed-8e5add27dd69,Raeann,Morrow,3d9a8290cd5b47059340e2c96fb0e64c@live.com,+INV 981-916-3166
15f86474-3d65-4ed4-8d42-0f196f7e3ba2,Rick,Chen,030e07a7efab417b83e1ac276bea8fba@duck.com,+INV 501-312-7050
80f164aa-1d6e-4e05-a370-55198191f25b,Fe,Chandler,8637218bda394bbd9b71cb43bc5aa266@protonmail.com,+INV 815-028-0266
34211f33-fec2-4cdf-85f1-9f3f1e861879,Dirk,Nguyen,5c1e9117c600434b81cad55d8cff1daa@example.org,+INV 107-138-9590
d86c003a-b167-4a50-8dab-b86c14e79ea2,Quyen,Mccray,235c2f410f9147f7aa54d382c462c8e2@outlook.com,+INV 825-300-4048
168e1ddd-3736-4afd-a3b5-cdeba6ef9855,Arlean,Foster,7893bf417bf94a408cd34431be07ec4f@live.com,+INV 903-575-5468
169570f9-0910-40bf-beca-1629cec9944c,Rosendo,Conway,e75d4c28e69444e09cf84d3d18d4c6d6@outlook.com,+INV 139-200-4610
e30b26fb-14c2-4862-8bd6-1121e50f5b5d,Elke,Mcmillan,ebf88a299b5a418ab2cc9399b80b4f30@yandex.com,+INV 717-674-4729
218a223b-95f7-4e6f-8757-cdbd05bb82b0,Yoko,Hudson,6a7ab071351044b2823d2eed8e590017@yandex.com,+INV 740-480-8748
bbeb7810-a240-4b61-8f0c-35c8b4d46727,Jeanmarie,Dudley,6c52487c812a4851b11006ea878ea541@outlook.com,+INV 810-114-4624
c01735cf-0a70-441b-a805-04c27637fe63,Lynna,Patrick,fc1c1048cafb4a049a6c24513f8b33ae@protonmail.com,+INV 528-340-9372
19472be0-ee3c-45ca-9097-dbbd742a2188,Johana,Puckett,50584a8ccfb145baa00ced5e5fb02212@outlook.com,+INV 324-022-2382
e6dcdd3e-c66a-4b07-9c8c-ba5b34ccc2d8,Joie,Collier,02f189fa73784c2c956ff888f819770d@duck.com,+INV 128-755-5537
f1b9fa6c-efa4-4a16-93ea-d9f0d713c85e,Donnie,Mcpherson,3db4a1b529374600a0c68ef3b6042172@duck.com,+INV 595-625-0210
885e37fa-6c48-4654-85fd-c831713c0b57,Kasi,Mccoy,d46e3bd6c6f246abb98371fa47cb54ed@yandex.com,+INV 298-757-6229
cbd79e83-cedc-4a90-92c5-a6cc76192412,Troy,James,eacac18f016a4cadba806a78359e3799@gmail.com,+INV 579-125-7776
1299947c-d44e-4348-a9dc-e2b91204aeb7,Georgene,Larson,810f0ef0b1f443f8ba9deb89b5ff24cc@yandex.com,+INV 055-440-1748
6c8b1e52-2c0d-4dc5-87fa-390e7352c082,Casey,Warren,fba2dc9e23144b4c87dd3fb565df1f8a@yandex.com,+INV 237-426-8594
a2e31f8d-b73c-47e9-b818-23a9ca46b546,Lynetta,Nieves,eb8a15cf38564138b0e7bb5f32741f77@example.com,+INV 862-694-4985
fad6a792-6bde-4054-8b21-dc6aba34fbd3,Eulah,Dominguez,17c2f4436d114ea2b10057d72e94d88d@yandex.com,+INV 415-650-8237
921e45e2-ccb2-49ad-9eb4-b8db7dadb78e,Kera,Valdez,2c89162b76b74c459309895dd8d2b171@protonmail.com,+INV 910-670-9134
e2d7c702-c366-4c7a-810d-f66642606abb,Issac,Blackburn,02a5e3401ff149608c83c06c5a2c1ae6@duck.com,+INV 110-847-5585
a3db61b0-7b64-4f7d-abc9-7aff4751ae4a,Ardelia,Adkins,3c526948513e47b4bad0f2a4eed843a0@live.com,+INV 013-590-3457
a4dc3c82-c8f1-4611-b705-261bbd2e225f,Bobette,Tanner,3e0fabe60214473dac099671818a5842@example.com,+INV 889-747-0020
994a127f-6886-4087-a636-546d0b31a656,Venetta,Ewing,0e37c94f0c8b4d59bb7080f301aeb5ee@example.com,+INV 138-251-0696
9598002d-c254-4575-b3cf-760646dd07ed,Sebastian,Fisher,f5e5a5f814c04678a3d7b2f7bdcbfb1f@gmail.com,+INV 309-488-9229
99a9a6d0-d1d2-42e1-8bfe-b0805313e128,Claudio,Good,94a6a3d57ab74e43b6d68e9e3f00be78@protonmail.com,+INV 582-123-6530
05758cb9-e6b0-4335-91c4-e15f1e47ccfd,Oswaldo,Fields,2cb715ea912e4bc9b5044d208499bf95@yandex.com,+INV 343-566-6436
7e78f682-8daf-4dad-b4bc-0e562e00025c,Eliseo,Bender,496655b3dbe94259b214bd09366683f3@example.org,+INV 098-283-0920
18245e04-473d-49e0-9a01-ee3b8e4ee430,Mercedez,Kelly,06c492d60ce5455b9891d59aaca8b527@yandex.com,+INV 148-837-5503
65d7d2d5-bae8-4d24-a605-ca7eb7294570,Marlin,Baxter,e38ce53aadfb4a6eb42220abfe7f9164@live.com,+INV 009-209-5773
5e1d3c70-0b09-4ca4-a926-925fc35f7047,Rebbecca,Massey,0c90fb96465e489fbc1c6f4ba5c1a2d7@outlook.com,+INV 885-645-0080
fb70ca91-1f6d-47f5-8105-529f052f1d3d,Darren,Middleton,8fe03549636f4a1488188a495450359d@example.org,+INV 862-289-2091
8f01b55c-3446-4081-bdf6-e76e665b8cbd,Joseph,Jefferson,6f0c7ae1274c499295b94b7725f8d332@live.com,+INV 836-731-3752
7e5e6fff-6e41-42a8-beca-e06c4ce3d105,Clint,Deleon,1e978410f07548df99a2df4cb42c8b10@outlook.com,+INV 745-693-9455
d907a179-9811-4355-be60-dc1331f1d434,Michal,Trevino,c3cea6e079c74015a6bf26b8fd2ba060@duck.com,+INV 011-393-3920
94846d9c-2f5b-4772-82f5-7a699b162b9f,Derick,Fry,18e2c77c3ad940049a1fa82a8a832170@protonmail.com,+INV 392-631-8691
1b8b83a2-9c69-4fb3-8758-71554eaf8620,Damion,Hansen,71ba0b2c3aa54b608b9daaca502facaa@duck.com,+INV 818-426-6049
f3664e3d-0b2d-441e-9cf5-011c3f42fd52,Brian,Holder,6209f92c76f545feaf5afb575b6df115@example.com,+INV 155-581-1312
81100118-4a2b-4559-839a-7092bd4589df,Tyrell,Lancaster,057b381fda2648a8ae5a77b1dd833946@yahoo.com,+INV 988-339-4012
91665aa8-d596-4a41-8102-78b26e97ec52,Bernardina,Leonard,ddb8cf239ecb487eb947bb13a932ceff@duck.com,+INV 507-362-3813
7600dc2b-673f-4dda-9b66-425cde2f8a3f,Audrea,Mckay,03091da2cc714fa1a567a0c43baca3bb@yandex.com,+INV 465-921-6676
737f4fd9-54f5-448e-b641-309a90654c02,Luetta,Jefferson,3ed3044babe34041a3ca2adda41eaa0d@protonmail.com,+INV 411-137-4696
e3537eb3-525a-4bf7-9573-0006afa1e52f,Loren,Noel,fa09d06c0c5d4616a72fedb661868787@outlook.com,+INV 101-202-2070
43c2f775-8eab-4c10-ae9a-4e3702a164c6,Herschel,Velasquez,549c1d0e7afb4f05ae379f6c17c00408@example.com,+INV 124-156-3572
d284ea86-a869-456c-879e-b2567723b7c5,Brady,Parks,17e932602fb84f449dd1624707573535@live.com,+INV 076-988-0664
e3a64832-d8a8-45e2-9e9a-f565789b0b64,Royce,Langley,9c0b71d255094890b94b213ac9e001db@protonmail.com,+INV 635-354-1480
e5a7cba5-ec6f-4960-94f9-b8a876231d28,Lynwood,Kaufman,d9fb4d3c39384d8783083c4102fcbb89@yandex.com,+INV 995-270-4377
eb88b9be-5d3c-4fdc-9331-c9ef0b0cbf80,Chas,Wilson,af3f5e6961a5499898e2c9b74892db66@example.com,+INV 688-806-1758
25d08acf-3a9b-4288-befc-96ee1f0e42c6,Delmy,Hatfield,a539cbd8123a45858ebf5c0c9363080d@example.com,+INV 020-041-4278
6e0f1a21-9641-4b27-ad19-ec9f189e92aa,Sanford,James,352efb47ddbe4de9a1f0d3822e0e7717@example.com,+INV 546-572-6701
352a0aaa-088a-410b-80cd-ef3e6755f7b5,Kathline,Montgomery,7b8b5c1776524a57be45ba149999632b@yahoo.com,+INV 895-075-7317
8a404ce6-17e5-4ebf-81f2-2693ce79f6b0,Sharice,Holt,060a3df95d7a4feca73c4a9afc9a9ac7@yahoo.com,+INV 025-757-3781
d6678b34-3656-45ec-89e7-c1d2a650be6e,Raleigh,Wood,91ba93530f7c4b498e612112b9a31b61@example.org,+INV 664-268-7298
a968154c-ddba-4584-8269-358dd6ce30fd,Shanita,Mullins,9f95ad60df7e4a70ab36f44d5afbdb09@example.com,+INV 672-751-8945
8b683fa4-6a36-47e6-a1a7-c97c1d945995,Edmond,Franklin,e49cc16e205443b5bef783bc17270978@outlook.com,+INV 632-578-4865
f45d6eeb-3649-435a-915a-968714f14522,Julene,Rodgers,5bdac143da6e4188b8e13542e5f52dab@duck.com,+INV 981-945-0084
7e78bcf9-b414-459a-b80d-361fc4121009,Claude,Bridges,448d7ae30b734427803f42b56ff6e2d7@duck.com,+INV 379-520-8571
a37c3168-9991-4c5d-b9ef-e1b3f5400abe,Jere,Hahn,018a2dd65c3c4b269f3d6b46c111cf62@protonmail.com,+INV 486-296-3656
8273cda6-a8ec-4f50-ab16-c6177a535809,Fe,Moran,b97432001c19486c9b4e744cde8d6849@protonmail.com,+INV 827-661-5941
59a96666-cb4d-4c91-9622-13f10353d449,Lawrence,Boyer,b8e7c55d8def4dee9f467dd3d0a6881a@gmail.com,+INV 719-791-9833
ce8d9850-bf42-4801-9ee7-fd1c55479c26,Hugh,Mcpherson,7ebca44df9d04706a0de24ff0bd7ee71@example.com,+INV 415-479-1939
d33d4d6b-5cc8-47b9-8528-9c09734c75de,Zane,Reid,fa59eeaab0be4048835feccf133fd16e@outlook.com,+INV 917-228-1192
7c67e1fb-291d-4e9e-a469-697061d61475,Jovan,Roach,646de1c467444b8f89421f2c464c4f29@example.com,+INV 816-735-3325
7d66a7d4-edb8-4a34-b54d-626f6234ffb9,Leslie,Caldwell,5fe12b5d47f94fa095d2d7991c600f53@yahoo.com,+INV 058-067-1800
76a381f1-4cce-4966-907d-6083e4dcd9da,Dannielle,Bell,782010f8cbbb4e1eb0546f15bc28d7d4@protonmail.com,+INV 134-370-8129
7e730263-27ef-4bad-a3d7-dd549c0ed51a,Hollis,Bird,1f3982246ecb49a4b11c1520719b9824@example.org,+INV 124-299-0278
97d3d4ca-26ee-481d-b531-93d5c26e0ba0,Min,Solis,abaf9075131f4482a555229872bd63a0@duck.com,+INV 267-255-0041
b4b53839-7b51-4546-bc49-c18884075286,Erasmo,Ortega,e767f3b4e67f4908a79df1099f036954@gmail.com,+INV 941-302-5702
39658eea-e033-44c1-9535-03a6dbc965a0,Norman,Barrera,2241ef76d5af49c9b73a65dff3b7486e@live.com,+INV 821-755-9214
5406ad71-e3ed-48eb-a4d8-64c43a4850f4,Charis,Moon,ac4c2485f24147aaa0594b351199e1f5@protonmail.com,+INV 835-812-8237
e780a6da-0a86-497f-a790-75a51aa2d145,Skye,Holcomb,c50ad7446289403e8b5c4e624bec8809@live.com,+INV 457-411-2028
22918f6c-4bc6-4670-87c3-42247f6899ee,Dorthey,Buckley,3b8a34a214844da382da60f63a263c5c@yandex.com,+INV 378-833-8839
5dc7d198-8746-43d8-abd8-34c8e42df49f,Davis,Rhodes,7b070ad09e86400383ed35e1b799396d@outlook.com,+INV 963-265-5744
a8b3a5d1-ef73-48b4-bf73-1c24b69e160a,Leroy,Burch,747d48dc784f470bb6b7a5e6030e7df2@outlook.com,+INV 211-589-6136
e176436c-202a-4759-8408-a7834c0f109d,Deeanna,Rhodes,393ae6603f40406292f4904eaea3993d@yahoo.com,+INV 175-706-7454
9251ea04-1ed3-4f24-9b5c-781d9ac92bfa,Bradley,Black,750bb7252441494a8047fb1b4fc46462@yandex.com,+INV 741-008-5114
db1d6520-7435-4967-819d-35c6cce5e387,Orlando,Bryan,9c123640fd05486fa10fbdda0907bcc9@yahoo.com,+INV 179-106-6736
5db78881-3d1b-44fa-9f9e-6fdae6a170ef,Gale,Hyde,52b601fb7e5b49219d94b758431a31b7@yahoo.com,+INV 019-857-4121
6564594d-32f8-4c48-913c-5fffccc19f31,Wan,Massey,6cb27087d0a94c4f9c3e28972bb9dd3e@live.com,+INV 479-662-3020
d3ebdf14-6e0c-4078-b997-41a4317e17ba,Phil,Combs,7930a6a5d63542fdbe9877f56f6e0011@example.org,+INV 638-319-2002
9c2df4d5-08cf-4322-8ac3-4c1d4dce1be1,Alethea,King,97bb30c34c8440d7a966798d491c972c@example.org,+INV 990-757-1406
9d7f23a4-9bdf-4516-94ee-746ad52b0822,Tyree,Jenkins,1f606cc4e2d54851bf775722b5a24fb1@yahoo.com,+INV 981-298-8757
f0f252c3-0d41-4255-914f-743b543bdc05,Dagny,Clarke,07652108bb6043a69ce23807f66444fc@yahoo.com,+INV 106-091-7193
c9ac75b0-36ad-4605-b82a-c797c1c33079,Joey,Lindsey,07111653fa16439eb42c1686020627c1@example.org,+INV 689-059-3896
2f7115d2-9046-4937-989c-47b049dca3a2,Ezra,Young,91f7d8c6a9824b72b9dbc52df4fb2abf@gmail.com,+INV 036-821-5069
d5d67f37-d55e-4672-adb1-e3a41fbfea6e,Brant,Lambert,977761933a064982a914edb3d77bf2c5@live.com,+INV 662-023-3369
7b2c45b5-dedb-4421-ad2c-44a33dab9f94,Keli,Lucas,8d3b5e6a4c444753a12f7a1568e9987a@example.org,+INV 288-682-5398
ffa3f6d8-776f-4560-b0e9-afe97905ab83,Frederick,Bernard,3eb2530b1e02435ea56eae3a029d7fbb@gmail.com,+INV 888-433-5596
6357d170-820e-4665-9481-10e988f1df5f,Orville,Marsh,eb986a89976e4c36b46da1944fa30e10@live.com,+INV 454-410-2805
b330b450-76fd-4b07-985f-b664e1ddc380,Brande,Parsons,f4f4e453f7784da7b1a5392df9960e8c@outlook.com,+INV 531-886-8197
25cb3cc1-3b5e-48c3-b32b-ea6b4ed90b7f,Wilber,Reyes,2fda7769265d44e6a557dda72ed961f1@outlook.com,+INV 698-340-9347
d067fc60-a985-4d1d-ac7d-5e64a8ac0108,Roger,Guerrero,ab48564e9694476ba0cb02fa972e9267@gmail.com,+INV 681-270-7409
2566ea0f-fbd6-434b-b2e6-318941e32645,Loreen,Lang,2899e5f9c1b3413b868fb9c2ae5182c7@protonmail.com,+INV 464-693-8165
131b16d3-288f-429a-8c48-3821faeaeed4,Andres,Tyler,c46d0f0deaee4dc9a402b4d6957a0f9b@example.com,+INV 655-320-0027
c67d2682-5b54-4413-b3cd-10750e0d8b40,Freeman,Rosales,911ba97b8a6c42a499a867f301b0630a@example.com,+INV 220-674-1462
8e2baa19-9b11-4f30-958d-6bc5bbcdc114,Boyd,Lane,e47b6f583ce346d4b69a9f784c851e10@example.org,+INV 580-950-8160
695643e3-f7fe-4d69-a95c-7a3bab821947,Conchita,Gates,e63958496cae49c79251831ded591875@gmail.com,+INV 064-037-2645
dbd131cd-4465-4ea8-abb7-ecd9df3b630e,Steve,James,96445a32f3c7463bac5639b23f670afd@protonmail.com,+INV 466-503-9946
39e17f1d-9824-4ac3-853c-e1d8ecdd3330,Twanna,Barron,8e402dfca73d40eda0c56c3593e719da@yahoo.com,+INV 599-471-7690
ee9c23d4-9cf6-4fe6-95a3-d588e754beaf,Daniell,Lloyd,c4e56019a8c0488cb4f259b69f4f2167@outlook.com,+INV 737-166-8859
ce61d4e4-02a2-4a7f-a684-bf3a4e8709ac,Shila,Pacheco,e8ed836a3dea4cb589342201aab24169@protonmail.com,+INV 177-249-6096
e5ff9c30-3d1b-4564-abf8-a7593e8885fc,Benjamin,Doyle,d7c0e817ab394944b3c97ab36510c4b3@gmail.com,+INV 176-044-4860
c24c3431-e3b9-4c28-93f5-5a892a06c132,Columbus,Byrd,b8b880d9fcd6485ba4ee6145d7def717@duck.com,+INV 594-607-7872
0b650d88-fdbb-4692-9f9a-2dcdc68e0a0f,Solange,Mcfadden,f46c603a88604dc987e82415830a94d6@yandex.com,+INV 660-246-7323
a66d4e3d-d1e9-4a94-b98b-a2e8bc80b327,Mora,Foley,57f61808a2e84d2197cf6d28f9f0077c@example.org,+INV 008-637-1637
0a9fd43c-d6f8-4a5b-b13a-f3848b21d57f,Catarina,Carter,27864bef26d34bfc9c43dcd6b60130d9@example.com,+INV 127-683-1508
8eec0f4d-bf9f-4c4a-bb61-8cc0715a8edd,Jackeline,Sherman,0a06a5c684074ff5bf2929a1b5ad8f97@gmail.com,+INV 473-137-3835
58a5437d-72de-4271-ba39-b62b34095c32,Tajuana,Vance,b0e9050838de4c4eb5730f70d44c8071@outlook.com,+INV 336-642-0011
6311ba16-6e68-4daa-98b1-8a2ac46cbe2b,Fredrick,Page,c73a1ff6e5eb4fadb81152d14f425a94@yahoo.com,+INV 198-079-1190
67a51fbd-4ebb-4e76-a025-0546b143eb7b,Karyl,Holder,46a9674fba2f4ba691dbc3d656037d35@example.com,+INV 891-459-9036
54ee1d58-017a-44b0-b50c-eedeee3cb343,Ian,Montgomery,285efeae770149578b1d8112051b99de@yahoo.com,+INV 458-091-3332
68ea0054-8288-4065-899b-8f51d1ca1cc4,Tajuana,Bradshaw,f625acaaf24d4120948301484d8c0603@example.org,+INV 597-326-4299
f91ad5ef-a41a-44ba-af93-28ac050e7e20,Burma,Cummings,9191fa0ee2e24936ba00b51aa019dec9@example.org,+INV 847-208-0414
58c885cf-e808-4837-8645-13d2115b49dd,Yasmine,Guerrero,3db6cc33d583491590712e9696933cde@yahoo.com,+INV 796-110-0662
89b63083-30d1-4af3-982c-e6f0c06ea900,Mertie,Emerson,7896d677c5bc4a2eb6d7b9742bf3f290@duck.com,+INV 735-798-2246
1e4b036b-85f8-4bc4-b74a-73307a528001,Richie,Saunders,a16fd42ec7a14f2fa41ce6706fa944f1@example.org,+INV 542-618-7332
1fc98f75-a666-43c8-8b01-0fb2b8be2358,Bret,Mueller,64fb945731b9432d92feae42e6e236a4@gmail.com,+INV 242-440-1339
13bf5ef8-c740-40de-9a86-ec80bbd1e7e0,Shandra,Alvarez,ed154819efd84215a9c13877fde30fa8@example.org,+INV 205-151-6437
ce3eb068-7430-4edd-8a93-c9b0032b9242,Lazaro,Reese,c062f56ab53a45ac9786444d09284801@protonmail.com,+INV 239-628-2404
dbd68316-3f4c-4551-bf95-195d9a1752da,Ettie,Battle,733eededc8b4469592dcdf66076d6bb9@example.com,+INV 693-606-4440
43ab0435-037b-4de8-a3b3-191f53db6721,Annamae,Pearson,0c0e38c068ef43f7a0cf25b6ebbc195c@gmail.com,+INV 731-440-7101
321d6d4a-ba15-45f6-9169-41685f03a700,Kristle,Martin,4ca2fa8520d54433ae353e36a3f916f8@yandex.com,+INV 212-592-5990
0b17cebd-e522-4456-8c39-b2968af9ff84,Jarrod,Kennedy,330c37471be448ac9e26b6703c065d65@protonmail.com,+INV 707-502-3051
04211707-79da-4a8b-b1c4-21bb73a42453,Anette,Cook,6561b74bcd6e4bf69f8871eae6b2e441@yandex.com,+INV 406-928-5093
77a3f3ac-b1f0-4a31-9887-6a7d4b6e67be,Somer,Petty,b53179ac383b4299bb276030e4ee4467@outlook.com,+INV 208-179-2363
0fe612c7-258a-4798-9b39-7601455d03ad,Jetta,Bartlett,7a08c43410094afbafd994fe8f20d5d7@outlook.com,+INV 906-863-2751
9434d467-4da4-494a-90f6-9b2cb2f7e890,Seth,Harrison,cdfe8d0c8c96455d8cb9634f8d7c031f@live.com,+INV 996-935-0226
999cae72-ba20-4c64-bc4f-81192b8679db,Hiroko,Vasquez,919f8034d7a746b59cfd5e6dc536b285@outlook.com,+INV 130-307-5397
e366b32c-aeab-4758-847e-56c070c4b2ce,Voncile,Calderon,bbc3ef25417c41d590ba5facab75dee8@yandex.com,+INV 694-077-1381
06e651de-1afc-4a75-8651-803f1e56fd13,Kieth,Cash,b9874cedb3c94498b80985e19045a226@protonmail.com,+INV 879-828-9482
31ac3665-f6b0-498d-968a-3b4a44b9c271,Marivel,Carter,0062da9719dc4973969c7c327600941c@protonmail.com,+INV 907-561-9445
e73fc15d-6db7-4e43-ae92-be578296682e,Tomas,Whitehead,c9510b44cad74697b8d96fc3e7ea384b@duck.com,+INV 906-749-6042
52881420-3bfe-49ac-b374-df71a87bd753,Elden,Lang,51fe45071ec64f98a7f0a15f40e9b978@outlook.com,+INV 635-985-8855
fe1845f1-483b-45de-bbf6-36185222a473,Irwin,Anthony,34cad4f6fe894ecd815b851a50d2c9e2@yandex.com,+INV 376-906-6069
42226e0d-7929-4761-a6b9-ede13b424ded,Joan,Holden,20c8ef948d554e998b7e44fef1eb0068@duck.com,+INV 883-724-1755
47be2ab2-38fd-4ac4-9201-971dc8a19296,Sal,Dennis,a8f987ab81e04e6b9d73d72256cba4aa@yandex.com,+INV 319-474-2418
f7d1b7cb-2a92-48d7-bee0-d397514294c3,Verdell,Moreno,c10ab940635644b1b0a7900ab3ebd471@gmail.com,+INV 440-656-9946
ed1a6fdc-792f-452b-b4e9-d780f1313359,Ricarda,Charles,eca501965bb3498a8047c555adca1dbe@protonmail.com,+INV 423-916-6878
11f04db7-d6a9-4151-8689-0905be02bb24,Damon,Delacruz,df92535b245948ca8619a2998ea41807@example.com,+INV 068-827-1143
c75e2ad1-4d4c-409b-a873-03c091c42736,Sumiko,Fitzgerald,8fd559560e4a4368addfd5e23dde9448@protonmail.com,+INV 775-075-8799
5d4864d0-9da4-459e-9696-a6352c8bd558,Joya,Battle,1e8d9f2af5e9447c92f5067a59a6d14f@live.com,+INV 890-729-4616
c1cbfcb8-9821-4928-bc04-b8ab595560c5,Sheba,Boyle,b1e0d4fcf56d4989873e857061f6c5a0@duck.com,+INV 794-454-3675
7047831a-a327-48d1-afd1-8506d0e19f33,Herman,Bell,64e74816b8904efb8710fa21b8adb935@example.com,+INV 081-791-4968
c30a57b7-a37e-444b-9553-9b5f24bcfbcb,Nicolas,Mcclain,97c0dd5173e547b1912040cf62c319f4@outlook.com,+INV 106-959-8764
f1c77f14-84ec-4828-abe2-342e87365515,Myesha,Wise,eff5ccb6a25f46108801b969f5af51a0@gmail.com,+INV 947-657-5198
0f476327-ada9-428c-9d0d-2a6e5240f35d,Al,Lucas,fcc2ca08e5ef4b1fb5ac1d25b2bd125c@gmail.com,+INV 726-316-3874
724864a8-dea5-4515-809c-b61f4651dc2c,Owen,Whitney,2c739422afa64b30915e71def8347537@live.com,+INV 208-680-0444
169e29e3-eebc-457c-b4df-4774bea7c97c,Junita,Golden,68b09c0144db4dcebc7b1e08cfae275a@live.com,+INV 921-520-6282
0331eed2-9b92-48a1-85fa-53b443310f5d,Blythe,Snider,543599ecd1654fe5893f597bcdc425aa@outlook.com,+INV 916-859-5975
e3cea2f9-debf-45f6-a0b5-d831f7ac4cef,Wiley,Mcmahon,f3f3f4e416b74392bda682e36ac87ffa@example.com,+INV 970-627-6963
b6682af9-4c39-4afb-a02c-5a46f59cd963,Doyle,Beach,5453f5e8150d492186fe2e86501c78a4@yahoo.com,+INV 762-062-8150
42ed8a93-9e9c-4fd9-a8e2-39232f79b3ee,Sherell,Rutledge,8b2fb38216774f4e9b28ba400bcfa01f@example.org,+INV 970-769-6969
466094a2-534e-4202-8564-6d58c749e83d,Gary,Peterson,f59a9bed819d48629da4d430d343f525@example.com,+INV 190-510-5490
b258620a-cc09-46e0-88b8-d6e955a66a32,Tanja,Sparks,ce827d5cbb93465cb4e322812e1fed50@outlook.com,+INV 471-931-9294
50929289-2351-40e0-bbbe-9d0ae45bd10c,Catarina,Velazquez,d01a5800884049289d0525790d60f896@example.com,+INV 201-436-7409
5aee07ed-e5e0-4ea2-bed4-dbd5f4a52fc1,Blondell,Head,f0d9f6afe77f406080c13ab2a06009b8@live.com,+INV 903-530-9731
e18607fd-0b7c-427d-963e-034b19d2bfe3,Ivory,Barlow,c267154ee19a482ca96bfef66ccb78b6@protonmail.com,+INV 168-730-1755
dca65c9c-df05-4e44-b5a3-4b30e0c4c7f1,Derrick,Nelson,b6058d93a1b644658adfffed5237dc77@example.com,+INV 495-968-1788
7c06a79e-0d3f-4f54-b789-862e958d1503,Brooks,Farmer,aa9c27b7852b40e88796869454b546f7@outlook.com,+INV 115-888-2120
db0bf794-eab3-4d03-af57-b2c7650b579b,Seema,Drake,507e61b6d35448ce8c87c6d619138ddb@outlook.com,+INV 054-143-5720
c1279b4f-6145-4137-a8f8-ba6e2ace5c2a,Karl,Harrison,c942c77afa6949e4b1c6ed60cf974b27@example.com,+INV 274-867-6977
b47b5b4a-e215-47ac-b6cf-78fd77189987,Tanja,Gonzales,45b8d9a1fd5b492aa84c540b9dd3c2a2@outlook.com,+INV 207-069-5631
2528ef3d-ad5f-4c13-82e0-4005642c2be5,Stanford,Mcclure,758321bdbc134944a3fc9ed63e4be4c6@example.org,+INV 104-736-9605
1b4af644-4e34-4311-aeb2-f5dfc421b30a,Arnita,Blair,34d67cfbfdad457ba9db816198d992e4@gmail.com,+INV 778-952-9210
2da26e65-1c0f-4109-bdd5-deee12ee1435,Jules,Norris,e653e08752d34befbb8ddba59ab73129@example.org,+INV 978-392-7544
52f597a5-41df-4fb3-974e-f8f84c1d83a1,Domonique,Michael,99f483ee03fc412881b89261c90c8dc4@gmail.com,+INV 010-430-1921
5a2e79d6-64dd-47dd-bba0-70cc34b38061,Lowell,Lamb,3890201e4ad24eb2ae682eb649074abf@example.org,+INV 008-738-5096
dc3e087b-1749-4924-ab7c-c436d32b27eb,Glynda,Baird,d730af927e634e3f8b84c7dafca57d08@protonmail.com,+INV 278-887-8535
91e0698c-dd7e-421f-bc85-7c0000731c3e,Sang,Evans,af4da9d839264a78b86ba10b38422fcf@duck.com,+INV 951-063-6176
1055a9aa-20c0-4866-8516-86767bfdb990,Roselle,Klein,543cfb4ec1bc4b8c85a13ff8a764eaa7@gmail.com,+INV 881-748-5497
8247f25e-b63c-431f-9605-fd81eadb7a3c,Holley,Warren,efdd41db238d43ef8cd0feb93af629f6@example.org,+INV 734-009-7131
8d6340f3-9960-4e79-ba56-c861e9970821,Nga,Ashley,291110ede94c4ef2a748f6c533d1cd29@example.org,+INV 208-774-2460
af7ca7a1-9e91-4286-ab94-5650c448d1b6,Scarlet,Macias,905f7573d0eb45daa5c00a79132f4fbb@outlook.com,+INV 831-761-0001
9f4caf48-c303-4b8f-86a7-b8cdc978d309,Jinny,Holcomb,c6ea8580299c4701b89bd58afd9fc391@outlook.com,+INV 831-652-4576
ac2bdb31-418b-4681-8b94-cfa590d7c8b8,Mauricio,Wiggins,0d326cd1893d48b0a1cb7bc7cd1c0222@gmail.com,+INV 822-143-2667
8c9cffb2-9fcc-4aa3-8c43-bbade4a62586,Aide,Holland,dde6e2c3d882499c913a45e0354f7aaf@yandex.com,+INV 943-331-1898
46eb7118-9ea2-487a-80bb-d6ab6efceb6f,Gwenda,Holden,65dc57fecbe04232b13ba3ba1e987212@example.org,+INV 038-102-1946
5dd87b70-c982-4520-ac6a-58fa03b74c98,Wilmer,Schultz,45d4b75269494e008768d2227c5bd7e8@example.com,+INV 410-465-6476
7d38cbb8-dc98-4747-aa82-d4e156a6d113,Otis,Singleton,00d8f22c322e40b88391579b0b9873db@live.com,+INV 654-805-5246
ab50bcb1-06f5-49ac-9a18-ebd3ba15d9d9,Jamey,Cherry,c3c5ce29ecac46a483227d8cd687eb3f@live.com,+INV 570-680-8478
f3d78744-c12c-413b-8904-9f2cad1a56e8,Cyrstal,Graham,fd6feb9e8b264700abc8236220a19669@protonmail.com,+INV 893-298-3900
b250f0b7-1c76-4319-b5f2-18302507cf8a,Duane,West,bfa453396d4c477d9ba99c5a0b7afb11@example.com,+INV 511-553-7762
fdb0f1bc-b469-4c08-ab2f-86bd1ebf648e,Merle,Stevenson,483a496f2f4e4495862e169c6ace7d0d@example.org,+INV 610-644-0279
e909fa5e-c11f-4ca6-bdce-e4697a82ccac,Anderson,Riddle,abbac6ec2a7b491e82d8c619033df905@example.org,+INV 631-655-4798
1e474fa8-ca73-441b-9148-a5e7c5aa53d1,Angelena,Nolan,62814468f5c7460992b1ff23769b3b3d@example.org,+INV 971-663-2500
a25d4c88-ef60-4a79-9b1b-fb348370bb05,Asa,Reese,f61a4583492844d390c5ed34bc0d36e5@protonmail.com,+INV 406-736-7973
599b9b3c-9a5a-48b9-b93a-81de034eb03a,Romaine,Payne,5833ac2fc99f4db7a5c79c18804ee396@example.org,+INV 596-767-0763
e8f07831-fb8a-427f-99eb-240242e86980,Lanelle,Molina,fce7d60c8b274d6ba7f7313d32f393a4@example.com,+INV 525-361-0112
eb3b2158-6b99-44b0-bfac-bc73681f1fd4,Quincy,Ayers,a06747e67e3a44d5a53584b0bd203fe7@example.com,+INV 714-813-1202
7a9b19ce-9ea7-4f8d-b9d9-5f682b6fa14c,Karleen,Dean,cfd5f42a81b94ae08dc4eaacbefcfc28@example.com,+INV 608-560-3167
e820089d-5829-4cf2-a3c4-ff0d5f92f915,Jae,Burns,e537d1a77b124f3c93e253e8471ca25d@protonmail.com,+INV 353-124-0615
94b010a9-cd5f-4342-bd43-d1b14de7f282,Tyree,Pugh,60d11178778d4dbf9bbad36fefc392b6@protonmail.com,+INV 269-172-9138
a9d671cc-61f1-4722-82b7-ef2322d46121,Jessika,Harris,c18db92133ca43b48f861acbe3b07578@protonmail.com,+INV 414-407-1589
6804a40b-b168-4c36-ba2d-eb406e484477,Rupert,Beach,007828d2a9ec434886eff373d8834315@duck.com,+INV 458-156-1025
5ef067f7-87df-4ea6-8f11-5827d0fe4a9e,Darell,Patel,db5a8eb59eb441cd92e1dfb37a03148c@example.com,+INV 966-686-4419
fb2f8638-8070-4e95-b655-573be098a4ff,Kent,Paul,041029b880fe4605b65e40070ef34968@yahoo.com,+INV 914-682-3325
bbb101ef-2fed-4fef-b275-ab647e7e9792,Mickey,Mann,15d6183ab3604a4299327fbde98d033e@yandex.com,+INV 947-321-7045
abb5f671-1a87-40fd-885d-8177a0491a78,Berenice,Irwin,0f472f3fa84d4c089c4ec7a9359da55c@yandex.com,+INV 939-652-0630
e1368070-d9c0-4d5f-b567-187b8650ce2f,Clay,Howe,e75fc3bc9e0d45aaafc68dd77f0934f7@gmail.com,+INV 813-875-0064
f2d95c96-145b-4600-8e83-5ba83511bc1a,Reita,Shaffer,01d1d05c2bca453ea1ea89b993739fe2@duck.com,+INV 960-704-7540
823f8de9-cd84-459e-9e33-d2c222553550,Loan,Lancaster,2a188062ddce40ba943555ed96f9fa4e@protonmail.com,+INV 523-366-2736
c31fbc8a-d099-4033-ab88-424e77179487,Apolonia,Perry,86a773f135954d218f1cd7f4327f2ff5@gmail.com,+INV 239-790-8934
e8044e5c-9fbb-4dbd-a8db-0dcea6682bc1,Nolan,Johnston,fc50dbfe9325487caae3de38f71b9490@example.org,+INV 333-757-7966
a7bbc49a-e593-448d-a551-386925bde7e6,Jermaine,Donaldson,1d0b5f1b8b3e431a82eb9bda1741cd96@protonmail.com,+INV 711-749-9714
3743836a-12a3-43a3-b419-3d74600e50aa,Deedra,Clarke,fa317483b18247e988be9253608d41d7@gmail.com,+INV 105-548-9446
b012b5b7-b2f5-423c-9b25-3e50e0543d26,Marquis,Stanley,64d569e9b0764d46b4b9921420423af1@example.com,+INV 294-349-6008
f8dd4eb2-7f88-4309-93f3-f28e138a6362,Landon,Briggs,6a66c9d3a91a43d2ade1975acf3b1539@gmail.com,+INV 365-401-5973
a1355fb9-4fe1-4550-84f4-69159cde8c80,Rocco,Maxwell,975128b6fcdc477ab4e04c242245aa86@outlook.com,+INV 120-305-7003
c9987f25-8270-4dcf-9d62-ccb3fe113bc8,Lyman,Harper,36a912d6b0874e95b47f864b2482b16e@example.org,+INV 628-662-5074
78f0ec33-c420-46e5-b037-432dd264b25e,Tracy,Hoffman,00e74e4b03dc4dc3b09da1944f0e4e65@gmail.com,+INV 936-223-0688
245697fb-e98f-41e8-8f59-1ee5a93ce2ee,Jeffie,Alford,d5718837a25b4136bb51d31739b09f98@example.com,+INV 161-151-8043
4f6c0c7d-5328-49e1-8058-ecc18af9e881,Lesley,Wagner,a2fe03d33c3848c6883e7f2a97bcdf35@protonmail.com,+INV 684-657-9543
ff9be498-c32a-41d9-b8f2-e98c2fc5e20b,Odell,Owen,2a456a887e6846d1bf2dc84b0e7ceabf@outlook.com,+INV 470-738-7604
42fb9133-f15c-4af6-83b9-7a8047c9f99f,Caleb,Hahn,f71afbf392fc4a798095a1ac636fd142@gmail.com,+INV 916-777-4791
7193e6f7-f2e5-4970-bb0d-906dbe000adb,Chung,Wright,a05fd6dba1654aa2bb654859e6d95e82@protonmail.com,+INV 818-415-0119
05693268-e152-4950-89e7-53d3350bea97,Zane,Bean,b5642abfd0dd4c8786c18f3046e414a4@yahoo.com,+INV 223-388-6527
e7677cb6-3fc2-4296-9ece-5ee6c45372fe,Alan,Larson,d96e7781953742bfae4388ee4bd0db7e@example.org,+INV 888-373-2208
1bb6f257-567a-4174-b8cc-501012ee5a35,Sharan,Callahan,7e8707d93ea04af4b27f4040264bf747@yahoo.com,+INV 337-746-4255
d3d5a5c4-c6b1-4e28-89d2-45748d47f4a5,Merrilee,Howe,1e19e2d934464a2d92be16689f2bbd78@outlook.com,+INV 875-294-0572
e755f7e7-168b-4e36-8f01-d7a58d794892,Christian,Arnold,4022db32f77b41d7978e4c1b874c5871@protonmail.com,+INV 723-101-5232
b78d08d4-c99a-4e88-ae95-a29e56e8f79b,Johnson,Hammond,4e1130479f60497e966ed0ca3a0e94e3@outlook.com,+INV 235-476-2473
f408b82e-d410-40e3-9b30-d930b8bbf2c6,Wilfred,Hayden,a3c9120868804fd5971f401d460cb42f@duck.com,+INV 524-743-8394
c92ff86d-9823-4b74-9c93-99a88966ced0,Raymonde,Valdez,1e37c97b65bd437c8413fdb66f18766d@example.com,+INV 868-794-4840
75194706-a099-4628-9d49-255e5df67f5e,Tiffaney,Miranda,7025595df0e94415834c2c0bad0276c2@yandex.com,+INV 341-490-0122
69c79f93-4f6e-4119-93ff-1af144b1fb6a,Nisha,Mayer,a6dfdb766d0d4eaaac91a45a1bb23eca@outlook.com,+INV 413-090-9603
28364de6-31da-4c38-99e1-189e2ed65494,Melani,Avery,ae61fd51bc374e5f9b472c91a524647f@example.com,+INV 337-566-9794
1b7f9710-e84a-46bd-87e5-10fdb6ccdfce,Petronila,Cline,f600bb7ebe8b43f3906247d865ffb727@yahoo.com,+INV 879-820-8696
f5d9a436-8fe4-4901-bb5e-e76419b55925,Kandace,Diaz,bb8b0f1de3114c0a9d8aca3e8c12ac5f@duck.com,+INV 049-739-7383
648864e8-acb8-478f-8d7c-3fac8b2bf8c0,Vena,Huffman,e99bea33fffb4ff692e62326fd11f281@example.org,+INV 553-952-3262
dd960599-4def-4be1-8ecc-3c4f1101acc8,Lucilla,Hart,7695d9aed7684a3488a9aa962f2fa06a@gmail.com,+INV 141-793-1654
fd3a0ee0-491a-4922-bc54-042cec0e212b,Sylvester,Hahn,6d8701d8f8db4791847a9694616341fb@live.com,+INV 438-712-3803
a98f01df-993a-4217-9c9b-0f25585f5bdd,Felix,Gamble,9694a5a269714e0f9ae86852088bac8f@live.com,+INV 011-908-1824
ab58d2d9-a03b-4b6e-8985-05f936050c71,Lanny,Carver,6513a7b3c03c4f3f9f3b897f827bd0a6@protonmail.com,+INV 212-872-3518
1ea4ee35-26de-45de-a56e-f651f5fc377d,Burma,Savage,bc161e7bbf5d4701beee9b9303c75bf4@protonmail.com,+INV 588-597-1752
b6cae0c9-a3dc-454f-92c0-fee747d3b977,Margart,Munoz,77e28db7028a46fe893934ca4ff7b6d7@live.com,+INV 008-346-2957
bef646f4-94b2-4cd4-8f7c-56255e7c9986,Rickey,Sexton,e8731d81e7eb421585e450917a48f0dc@outlook.com,+INV 065-850-0780
6877b889-cd49-4d84-a9a5-0a1d3f6ba888,Titus,Wooten,888f0a7e590c437bafc81595d81ac28a@example.org,+INV 993-373-1198
2f8318ba-892d-4901-b16c-520e9302605d,Jerrica,Todd,3d1b347a99ec426db7647b188d6cac03@live.com,+INV 393-084-1544
5a9e2b8d-f1f2-4e9e-bd3d-284bb9b9815b,Isaac,Logan,b716c6a4719c4399b75fc2e03c64ccbc@gmail.com,+INV 680-579-7692
6a506c21-8f59-4397-82d5-697923a564b9,Alane,Molina,03edd48a1c774997aa6ff28aa5f35f30@protonmail.com,+INV 668-885-1480
f5dc89c0-fd97-47f3-ad52-b71da9505f65,Lyndon,Crawford,09c1f5db749347968e66b8fddf178ef3@example.com,+INV 703-421-3274
dc65e027-8e0d-4503-8798-289c7f0e6174,Jessie,Sanford,bb3a6da56b824ceca1acb5d12284da76@protonmail.com,+INV 312-251-2097
b0109d10-c5c4-4c6d-a57a-22381acdac84,Jovan,Talley,498ea148b4b04aff94badb905dc8699c@yandex.com,+INV 917-992-5674
bccb0b6b-1621-4607-890d-8ae7f73fb672,Eddie,Bryan,765f17bb67ef437783b0edebf675d4b1@duck.com,+INV 090-234-3111
4e045b1e-329e-45b4-9ab7-5c7fec03ae86,Sung,Merritt,5b491775c7dd406ab0675207280266ef@yandex.com,+INV 991-178-4738
3a1b969f-8199-49f1-bb3f-36d65e3b844d,Freddie,Garrison,0f74a9e03f1745349c26eefaf8541309@live.com,+INV 512-750-0693
8b956c5c-416a-475b-9bae-838c8c0b45b1,Marco,Cooper,31bf7536ac7547388171113704c30aa7@live.com,+INV 567-102-8755
41cc7396-aa9d-4e26-8225-2557fe059b5e,Ronnie,Lane,dbf157ab688b4dfc8d18faed8cd1b369@example.com,+INV 106-270-3847
1fb3eeb5-fb11-453a-b8b8-fdecb231a279,Lera,Beard,eeae09bac85843598a85866e1c882989@outlook.com,+INV 434-180-7270
c5572e52-665c-43dd-8f1d-50774cd03aef,Joselyn,Matthews,5dcdfeda3c444f2b9e19ba138d5c3e7e@yahoo.com,+INV 803-258-6634
e7ef0a64-2ea3-4270-8031-7d2a0c4bc8c2,Isaura,Wilkerson,e9bbb198c1354aac98f2c81bfbd3e35c@live.com,+INV 498-813-7091
6a708602-9c13-4899-b7fa-edbd4444d3bc,Florencio,Mcdonald,f600cfbecff14c3fa16242ca0a92d5af@yandex.com,+INV 649-079-8598
f5f4cdeb-76aa-4663-b868-cf1755881b06,Ellan,Harding,09867b13bbca42b291769a8b822064c5@live.com,+INV 981-328-8763
85b907e4-17a3-438f-95c4-52053f1608d1,Sau,Bishop,891bc09762cc46bbb609b7d31f5c05d9@example.com,+INV 021-592-7467
b1fcb41b-8b9f-4745-bf7f-9d2ec04b2408,Heide,Johnston,18f7debb112045a28785ebbfc3de84f3@yahoo.com,+INV 861-911-6626
fc448af1-62d7-4e43-beac-ec6409be6bfa,David,Case,1f1a47aa6853429ab9eb4054711b1d6e@outlook.com,+INV 478-772-3527
07da1d17-e238-47cd-8fdb-8227ab6051a8,Carlo,Raymond,2b8140b95cd043f2ad1ea120a7481c50@outlook.com,+INV 833-636-6057
711c1275-6868-4794-b4aa-aa4a3389b0ab,Susy,Lara,d3f4f3a11c31467693ae40aecef0eeba@outlook.com,+INV 519-443-4291
9b3011b4-f9f4-4a16-8564-92eef869c616,Normand,Walls,7f136b2656034a0884fc04972c717625@yandex.com,+INV 324-022-6414
8883761f-ec16-4a5a-b796-8b9e22b51229,Season,Poole,d7655525c3dd4b8ea494bd8dc8ec3b78@live.com,+INV 072-291-7072
82792432-ed64-439f-85f6-202d2db31494,Macie,Haney,1ddb3b062b9746fcb82afc54eeef6692@example.org,+INV 584-824-5034
3788bee7-97eb-455f-9290-f6caa8aedb0b,Jeffrey,Rush,d147cbe8c6d743c3aa68f85e19171c82@live.com,+INV 483-872-2222
ec38bcc1-df84-4264-84d2-148e50bc54c7,Merlene,Newman,5c32b849ceda41abb0c48573a0e9bf9f@example.com,+INV 883-931-0437
220dcb94-b856-405f-984e-643779352be1,Horacio,Barrera,524ba0a571cd4aad917587ec9c25ddfb@yandex.com,+INV 214-782-1693
fe9a4b3f-d4b2-41d7-afde-5bf4a286b08c,Javier,Bruce,f55ab54e1c4e45eb90a4ce50b9e21efa@protonmail.com,+INV 776-133-6125
6df38a7a-fb3c-4ddc-8bfb-7d767f4992e3,Livia,Fowler,b3b4061f4f664c478020acd2637da794@example.com,+INV 203-212-6866
f9ca7d40-51b7-4341-b370-43bdb2a09a80,Karmen,Rowe,d23418120f504a4e9ecf7a815a03b8b1@yandex.com,+INV 417-416-2421
63f90183-a570-42fe-816f-7cd6b91621f7,Luciano,Dillard,bc66d7da80914d2c8196b61d84d64afe@duck.com,+INV 461-259-6015
c3d9dfb4-02d4-4692-b9b2-adce5e639149,Cecila,Carlson,51a1d7dc7f764e2db0c6e047d9d671f9@yahoo.com,+INV 552-718-8544
7e2339e7-b6fb-4161-84a3-c401e68c6f75,Nguyet,Wright,feb41c797497410ab5fb3b8b49648f44@yahoo.com,+INV 181-708-3994
4a41d77c-7715-480b-b1c8-0b1c49f79456,Marco,Clarke,c6f97d2d83f04b7dbeddd821cb715f5f@yahoo.com,+INV 428-247-2804
296a5cff-db30-46cf-9375-e364018fd355,Mammie,Rich,c530f8e3b31147af9ebd0eb154c6826d@outlook.com,+INV 425-390-0051
70425de2-bc43-4ff5-bb97-1e0f39327f2d,Lilliam,Wilder,324f99b2a65a4bcd9e393b172a6d88d1@example.org,+INV 138-023-5863
0e52e9a9-74ae-433f-901c-1302fa40682e,Soraya,Chang,2427134acf3a467abd2e2007e253c4b8@protonmail.com,+INV 075-178-8345
7675c61e-20a4-4e60-ad8f-d4f18cbbbf77,Kelsi,Beck,e837a0274cbe42cea8dc84e74c85aa98@protonmail.com,+INV 890-545-9646
ef86d6be-3dd5-4c52-b59b-9a8d73edd88f,Percy,Lewis,305329dc270b4b578d90ecab0811f9e9@duck.com,+INV 767-917-6158
df1dc9d2-f94a-4ac5-bb5a-73fea7be1302,Dwain,Vang,da42f0c5383949fc9bfe2839289a1ae7@protonmail.com,+INV 409-825-9378
67c5eb0c-5b5e-4b54-a0c0-4b73ef830e9f,Roberto,Galloway,2732792b1ba246fcaaf3b9ccd6a334d1@protonmail.com,+INV 572-915-5051
12e835e1-367b-488c-8c74-34c169bbfbf2,Stasia,Albert,aa68c6805a344f17ba3d532eaa93c2a1@yahoo.com,+INV 682-195-5265
0569b963-e628-4fdc-9332-8712aa018d97,Jonelle,Rutledge,a2d57119857e478199b5ab1db842ead7@duck.com,+INV 019-569-0031
66b85aa2-fc8f-42ad-8445-7558211f8477,Etha,O'neal,5869dca650a240dbabcbcecf2450eefc@duck.com,+INV 871-301-8272
775e5f6e-67c3-461f-9fed-cdfe1ef31745,Damian,Gill,9a6127e85b5d48d1b394ff5808e76693@example.com,+INV 261-196-5664
cb29640b-4e8d-4a55-9749-b4bfcfe7cb21,Loura,Bridges,6d0abbae3d414faea3d0db7fca922d0b@yahoo.com,+INV 140-181-7839
ec3d762b-6dbc-40f6-85d6-87592f71c8a6,Iraida,Tate,a8debe080b384c12aabb1a1eed161621@protonmail.com,+INV 130-803-4716
ef5a8287-7698-45f2-ade1-e4f6e61a472f,Veola,West,1e360fd15b264dd6ba8ea4825782f258@gmail.com,+INV 720-144-4609
ce19b2d7-355d-4535-b9f0-75fd5e0b3386,Dorian,Faulkner,17e15b049e0f43d7be04c13c5a798f89@live.com,+INV 197-254-5787
b0958a16-9569-4f7a-9ec5-ebcfce777981,Zane,Leblanc,e3ae565cf77345729b3eb3efd7db9c13@example.com,+INV 079-881-2598
27f41de5-13f1-44ac-94e2-fec4f51487a1,Annice,Hodges,f801e664108345ac9e49e9aa20e7ddbe@yandex.com,+INV 788-546-6799
bbdd0143-8e26-49b0-aae9-52b236180598,Garth,Butler,6f7c948efd5b4da0bfafdc7e1efd563b@example.com,+INV 446-232-4347
afea7fcd-2722-40bb-97e8-86a5f58be113,Jeff,Gilbert,ebb3bb6c024c4f48ba0acd32fd4d692c@live.com,+INV 957-809-4925
406b9f53-3f9f-461b-ba06-8826172cb39b,Cruz,Trevino,fee3f2576a98453597db518f639a2564@outlook.com,+INV 199-142-5000
ed46a228-9116-44c8-b47f-d504dcfb8186,Delcie,Rivas,4ff4e709af1b4a9087b6f854065b5916@protonmail.com,+INV 813-105-3264
255d0d25-29f1-46a2-9009-49f9d50ed848,Rufus,Daniels,71db584ed23f40d49b4e7ecb93317d2b@protonmail.com,+INV 619-073-3552
f495cd86-9271-463a-9684-9aaae33cc821,Shanice,Lindsay,5bfe18d62bc9442a87e0c9c23733e22f@live.com,+INV 497-012-1302
c89b20ef-efc5-4b2d-a2d9-698eecbf2485,Dennise,Ryan,36dc6c8a01b440bebb04bdf1bbfece73@gmail.com,+INV 839-037-8493
3f38ebfc-28ca-4d9a-aae4-21d1ec5c6a16,Alejandro,Myers,b9432e5d3424419094943d7ba19e6473@duck.com,+INV 879-762-4380
b76f65e0-f983-44cd-9282-a79d890dfd3c,Evelyne,Frye,8476e98907e74e2bbabce45610f649bc@live.com,+INV 575-330-9703
33a96025-196c-4024-9678-ffbde3451f37,Elvina,Little,fa1ad54aa5be4596af3dac8866b41e75@live.com,+INV 495-814-9815
1328ad39-54eb-44c6-92fb-0dcc0022f53b,Fred,Patrick,41b26cbe8548431299e891e8fe82b91c@duck.com,+INV 318-385-6269
a4c7cf9e-fbc8-4676-9e0e-f8d4903f180d,Graham,Lowery,3b78a76c73d048a898cbd87466b1a085@yandex.com,+INV 702-563-4943
29a1ae0f-1c31-4690-9048-151b09522584,Garland,Richards,793a81a864284c2187fb169e8aabfbe1@protonmail.com,+INV 229-336-1118
6cf2fb28-7321-48b1-8828-4f54d0b296b2,Miquel,Odom,df5ce47e26594a7e8c593b064164507e@duck.com,+INV 367-683-9079
3d828c03-c458-4bbd-a2e0-c44a7acfaddc,Na,Clay,aeef6a35cc2a4d2f9a57fab2a75accc2@duck.com,+INV 146-095-7631
54c7b470-a6ab-4a62-9bda-73833923c603,Renato,Mooney,07dc3a7e5991436ab79b650a1984fe54@yandex.com,+INV 994-384-2449
d957fadb-1654-4258-b07e-2bebe20954ac,Liberty,Davis,bc79a24055674cbab7a87ce17c592aee@yahoo.com,+INV 822-095-2571
0fa4d42d-495a-42aa-9d7b-e10651262c5d,Euna,Reid,5023bb38f38c42b0833fae73acabaac6@example.com,+INV 909-285-2373
28b2be7b-b79a-433a-94fd-ee021369e875,Theodore,Allen,68cdee07b49f48889a8a564bdcdc6cda@outlook.com,+INV 197-465-8225
9e1d2ed1-727f-4346-a38b-eeee2e768c6b,Rodrigo,Tanner,a29f598be2e543ea80a7ec79ef9c0bf2@outlook.com,+INV 156-540-8224
0acfa236-6aca-4668-b4ae-355157a17e3b,Tesha,Roman,2412b798dee5408ea7d7735d51868afb@yahoo.com,+INV 110-899-5930
82034465-9d46-4746-a24a-2a0efac5265b,Loyd,Paul,f9e2f26945c44ff791de6bc4584bd81d@live.com,+INV 381-586-4340
990e19fa-e4f1-44dc-9941-30f58817cbc1,Reanna,Wood,29e69b9d277d4bf09f12787928f26d28@gmail.com,+INV 466-662-7798
d0ab2c6f-2145-4eb7-922e-502dc0976bd0,Waylon,Miles,24d10c28178a468a8471e73be7a28fa1@outlook.com,+INV 382-817-8861
5b146902-008c-42c9-84f0-a9fca3b91ac4,Elwanda,Cherry,65cb82fc606248c687fa2b8e0908971d@duck.com,+INV 603-753-8529
6b6ef512-e80c-4d6f-b95d-d17a925ecba5,Wade,Tucker,608c73639ecb4f028513df12ec516fd2@outlook.com,+INV 940-288-3047
54d5574b-07f6-4e81-b81a-a1970d389580,Clarence,Santiago,7b583a0309384fd0b7faeb4e9aa69379@example.org,+INV 582-254-0429
1cd5f781-3001-4388-92cd-d1541582ce60,Emilee,Booker,468570a56d974d6ab9430ca41d509b68@gmail.com,+INV 814-660-0599
ebf560da-1135-47b1-a859-fa29133534e4,Alfredo,Lancaster,e814b39719834daa872d1f8298dc1ce1@example.com,+INV 379-533-3881
5013a3a4-3ba9-4e5f-bc66-bdf069eea4c8,Wenona,Copeland,bbd2753bb93b42dcbf4e5247ea43fac5@outlook.com,+INV 533-704-4155
772e4cab-7146-4e06-8944-4b318034d7d0,Ivory,Bean,f41c83cfe5c34de9818c0250abcdbe82@gmail.com,+INV 816-187-4560
15050a4c-b3a6-437d-ac15-79499d7a9c93,Angel,Stone,9e447d9e774445289a653623653adb42@yahoo.com,+INV 012-480-0964
5612df09-5c89-4780-adaa-47118c527d1c,Weston,Foster,1201b19f50f64e2cabee15b98d80704f@outlook.com,+INV 845-527-7722
2a4c6ba0-63e4-4a31-86ea-3edb5deedc08,Lon,Dotson,d9473a9df5da442d8eaa2ce5fcc7f941@example.org,+INV 298-057-2714
78c5331f-29e6-47f3-b282-ba137d464078,Jesus,Chang,75007e9550134ea3a6b2c51b4052b558@gmail.com,+INV 148-299-6271
9261c798-2745-49d2-ba0c-6792f5f3c9b7,Jc,Brock,bdc2a09eb90b403a9ab7c9eaa74205dd@live.com,+INV 159-981-1207
6930a9ba-e21f-4133-96f1-21c2bad41bb4,Reagan,Potts,7e808cf71b7947adb334cd8e8ab60483@outlook.com,+INV 067-844-6917
f5bbd2a7-6fd4-46c4-9be0-ff99412a3c9f,Nobuko,Jackson,a445527ebe404b3e886f03b217a36446@protonmail.com,+INV 182-985-1124
04654d54-abf5-4f82-adf9-42c7e25988a7,Jonelle,Duncan,6466d03b4a224b63bb6faaae39decf03@outlook.com,+INV 388-692-5388
d3d1bfca-5074-486a-9506-3de2479ff4a2,Leigh,Brennan,0c468cc490a64c54934665e0442a9c96@protonmail.com,+INV 227-340-2151
63a08b4a-7d81-417e-96c8-adadf84e78b7,Wai,Buckley,7f7f85955dc94947bab12f20cb15c21e@live.com,+INV 840-351-9763
40233267-4417-47b8-beb3-55abd1cdba46,Marcel,Doyle,b117ef7061684b279a84294eeb7730b9@protonmail.com,+INV 460-102-9479
c582956a-d851-4e43-a33c-0707dfb91e8e,Laurinda,Dennis,03000ebabaf24496bb514c91ceafaebd@gmail.com,+INV 331-974-7451
3c0af195-6456-42c2-a29c-9b2f118ebeb9,Edris,Fleming,e4e2b73d41ec4455a61f53cbb1fa9884@live.com,+INV 544-529-7466
962db5c3-b603-4907-98cd-9192fc7bbb65,Elias,Wilkinson,52e56ca303944de0bc933b81c7bf7699@live.com,+INV 321-325-7095
4544e511-e2f8-4b68-b5a6-82b6c69c4cb9,Antony,Mcdaniel,654f2b5d13c1487fb5d588f958b6517b@example.org,+INV 084-098-1358
b73849d5-be51-440c-86ae-d2d05e60319e,Devora,Holman,e4099d2d58ea4776903bd27d7a7bdc3a@live.com,+INV 062-925-3356
d627205a-8dd7-43e2-a33e-ab433e6f1c1e,Lianne,Maldonado,314a94df94a74c7184279b4b810433b1@outlook.com,+INV 181-339-1720
ce22835f-bb75-4131-906d-627bfb5c19d2,Rigoberto,Maldonado,89b0494d02c948bc88de575628ead96f@outlook.com,+INV 486-180-1683
b39896bf-061a-4b7a-8043-481e1838f323,Meda,Chandler,b17e8311de2d4204af404a7896c7c1f5@yandex.com,+INV 423-814-3480
ea472aed-183d-4fe4-b5eb-c97f5d724865,Bernard,Newman,8d021f8bbede4b64802a10e0a87458c3@example.org,+INV 471-298-4348
bd98ecb1-6e48-420d-a072-7e6681a2a76d,Willis,Vega,a9c9e52eb4c441acbd91b547f68a0f05@outlook.com,+INV 178-760-7009
ab76723c-893a-4cd7-96ab-91f76d5d6217,Benedict,Nelson,6c7a244f8ff04d56a710c083022366f5@yahoo.com,+INV 165-809-6880
1b9f4a88-34d4-4bf5-90d5-0ff97a19d353,Drew,Colon,516122b153f04e5e93c88997681a5516@duck.com,+INV 902-862-2958
3de9f509-fcf3-407e-8313-0a34c0b2169f,Oda,Barnett,21a86b256a364e36a0487b1aa40d02f3@outlook.com,+INV 139-656-4651
2a226cde-80c3-4a89-a1df-40cbac7333f2,Blossom,Alexander,607466812f054d1f8330e2dd8b43dbe1@example.com,+INV 525-051-4962
f9e7afed-c35a-41f3-8679-934aed18ace3,Alline,Ramirez,db8ca618f4254d8d9f36e1362ba7d1c2@yahoo.com,+INV 404-648-4332
7aee26e2-f07e-4a43-ab7d-1ab89f218030,Peter,Hatfield,6994eb8330e2468fb587d836ffdbf43a@outlook.com,+INV 092-728-5755
04ecb3b6-5269-4f26-a08c-c1043a97bff6,Cherelle,Richardson,587d0024492942f5abe4bb1095d10123@yahoo.com,+INV 582-079-0138
9dbff30e-80a9-4209-b350-d3daf5442df6,Porsha,Miles,c698c68349264ebb9cebd69ce70e49ca@outlook.com,+INV 923-701-5046
1b3503fe-a988-48b7-a973-313cc2140828,Gwyn,Finley,c00d7cbab86a451d99c3b418f07122a3@yandex.com,+INV 788-201-5390
f089d40e-73f2-4865-805d-e4edc241a4ff,Tu,Parrish,0ed78c469b2f46a5a8ed433bc053eb3f@live.com,+INV 620-952-7328
884538c5-5df9-4cf6-8262-ef6157fe481c,Galen,Madden,0b5bdb0e624d43fea165ca741c3cd00d@example.com,+INV 535-933-4935
02010af8-ac57-4595-8b83-e68d17b572b8,Linh,Gallegos,0657409e35924604b5b87cbde6bb7eea@duck.com,+INV 402-687-0674
b93e71e9-61ab-4129-9c93-44fc802d96d3,Alec,Mercer,1b78a6ce8089419d8824fe7d7720f2f1@outlook.com,+INV 792-373-8598
f38d3332-45c7-47a4-8b7b-de229df97b5c,Dean,Morris,9f317275220a40f1a23fdacb96b2030c@yahoo.com,+INV 844-433-2384
0df6ae57-a8ca-4a3d-b37c-76a1b8676fb3,Kenneth,Lambert,c10603059165423085cc22e301564d59@outlook.com,+INV 842-488-6106
8b819a94-5dad-49f4-bd77-617c71942f1c,Taisha,Craig,179c4d9c6afa4f9eb1649ae623f37c0b@live.com,+INV 353-043-0241
973f7d9f-e226-4200-8317-a2c7e4da0aac,Dania,Lott,9f6b4117b2a2403e9f7aba779562ee99@gmail.com,+INV 431-978-6246
65b9c080-bb81-4a3d-a194-bcd2ffde9664,Palmira,Wilkins,ecb792d1435a4f61aa9d24a7501a757d@yandex.com,+INV 369-917-2975
eb0a79e8-acf7-4042-ba64-eb9963d0719d,Frederic,Noel,50c3e36dfc984ac588f008119e990cb8@protonmail.com,+INV 880-300-6398
40b8f61b-8c96-4597-9cec-55323fb1e044,Shantay,Hamilton,b6451962771b4926b9ef78de6c5074c2@yandex.com,+INV 413-474-0976
7a710078-6871-4de9-a8d0-258f574f46f0,Joesph,Franklin,653856a244aa4972b494d5cc64349977@protonmail.com,+INV 405-611-5618
41f27d81-7e55-4f24-90ad-b71df4371683,Leida,Acevedo,e1251f5f03d14334bbdf97b2263bb6b6@live.com,+INV 767-490-2532
e993dd27-9daa-4f23-a39e-1b8935562f72,Rosenda,Melendez,a25d3a9fc6a34652b50a6b55b9baddbe@duck.com,+INV 038-262-2927
d3208050-c46d-4174-9121-d850f0941b8f,Marshall,Silva,5ae4304ea4c445888239a5481c3c0ea6@yahoo.com,+INV 219-857-5812
e7bf8a84-76eb-4377-aad0-c61c72f3d09e,Emmett,Nolan,ac66767cf6f542bb85b64fc832d42f99@protonmail.com,+INV 207-160-4245
1a8153fa-2c9d-4686-b8b9-7e9c44536ea2,Roland,Morin,746d7b320b25445f93ff496d7d619e43@yahoo.com,+INV 428-701-6676
c4ac663b-fd70-4a9c-9e79-34e6153bd5f0,Kaley,David,0c9d5be12d294efdb5f997665e0ca017@live.com,+INV 248-973-9763
aa78fc09-1fc4-459d-87c0-a701d4f56011,Rebbecca,David,971155b1976c40b19b57879a39982d43@example.com,+INV 144-115-1201
19cb1168-8560-4dc0-bd63-693ef0fea80c,Elsy,Black,c1a92be6b445400fac1486487124e9bb@example.org,+INV 491-548-7406
fecce54e-fae6-4430-a7d8-5b98e7d4dd04,Deetta,Walls,84e6d1ac048b472da629ed3db41b6e62@duck.com,+INV 007-050-8902
3e2023f5-d689-4ebb-ac7d-9abaa88b6c5a,Wilson,Byrd,362788e9d74a49df84bbaf0070b9741d@example.org,+INV 094-514-2658
47ca8525-2723-48da-964d-02439783189a,Luvenia,Wolfe,5036c83f7ad84907b7da5c2e9bf517af@duck.com,+INV 661-060-7502
7b066abd-543a-4137-9e14-cbd36bf9c783,Shemika,Alvarado,0c4c8591ce2e490d9a714aaa6817110b@example.com,+INV 598-027-5246
369dc9ae-2d77-417e-ba5e-12edf59d0e8e,Sena,Higgins,b34ba83395084d0bb46d4678a0a4bc4a@gmail.com,+INV 042-844-2083
ed2cd530-c1e2-486e-823e-ecfafdba015f,Berneice,Dennis,0b063a4378474d78b2338c3ab84b98bb@gmail.com,+INV 720-444-4967
776090a5-49fa-4738-936d-88593e6b77e2,Sal,O'neal,b5df5890613c48f283c3b5e759ad84c0@example.org,+INV 549-579-4306
95980214-1fe3-4560-baa3-912f31845efc,Lajuana,Hudson,d6d958004d9e472fae615f5c8b7cbb17@yahoo.com,+INV 558-288-1428
af72bb0e-d9a0-4fde-b279-d741d2106ded,Lashawnda,Hunter,bcacc6a9976e497eae0faf8eb0ff4b7b@yandex.com,+INV 933-216-6256
0b7a189b-ccd4-460c-9fa4-290a81716fd3,Jake,Cook,60f91d6e56df47ed92b7a3598393a7b3@duck.com,+INV 816-844-2459
19dd9b51-c82e-4940-8bc9-f180a17c83f1,Alphonso,Wiley,331bce48c5c344258ac3a1bea1065469@example.org,+INV 596-468-6843
758399ff-ae0e-429e-82e1-38b2a19be9b9,Sanda,Rowe,1250ea022fca45049e9808e14028d55a@yandex.com,+INV 795-185-9310
4dd5e3d6-49ea-466f-895b-ba7d5bd7b37c,Neda,Holder,f96c8803846649788bee51f726314c00@example.com,+INV 682-924-1660
866aeab9-3b10-4cd2-be9b-b78f402dc40e,Domitila,Cortez,f51b46301f2849ce8be7f1170429d2f6@outlook.com,+INV 447-813-0118
4af22d20-ccc3-42a7-a104-f166933ec316,Brandon,Hansen,9a96687319bf43b79c6de53e1ce3f8db@live.com,+INV 196-078-0301
50c8da08-55b4-4038-a569-dac3cc219c26,Lucina,Butler,c6c936857bb94f3699ad51da7728c9b0@duck.com,+INV 149-499-3070
787fb22c-4847-4bc4-abe6-0c9d77bff9b2,Wei,Rowe,ac0d63d88c2c4a98acf212b26701dcc6@example.com,+INV 783-304-5892
97561fdf-d190-4d1c-b7d4-8fce18719318,Melynda,Davidson,9eabd3c3f97148cea604b1191b5ffefe@yandex.com,+INV 286-514-3704
31d545ea-ed38-4e3f-a791-0350cfbae7ce,Beau,Roach,45dfb1c30c2347839abdcdd73eb55d25@live.com,+INV 541-605-8385
319c7837-6210-4ef9-90a9-c22854ee7d74,Broderick,Schwartz,5f343538483e419da509c0b0b0cbd108@example.org,+INV 794-317-9770
2154c0eb-935c-4fce-bd15-617546dafea6,Jerold,Barlow,9a6c35fc09184c36834cbafc1f0d6e6c@yandex.com,+INV 459-309-7615
03c84e0d-4920-4ad0-bc8a-3913bae7dc30,Dannie,Cooper,ce6dc033125c483caa022ee4492ae7e0@duck.com,+INV 143-751-5059
29ba05c7-9204-4079-9afa-28daa86f8db7,Esteban,Shepherd,6af486995f634e1ab2b604c8205e7cf8@duck.com,+INV 351-048-9830
49614239-096b-4ba7-a90b-fa07b466e398,Yolande,Weber,ed8ecc9dfffa46ecaff90ba278035370@live.com,+INV 921-704-8237
34593089-dea5-4771-839c-d94a776b505e,Drusilla,Sanchez,931504ec50194415a20517ab21d12882@yahoo.com,+INV 217-562-6916
791e5b84-cb06-433c-a98e-b7c9337a8e84,Erwin,Wilcox,263dbe193f5f42a4a4c0d5ead09da572@protonmail.com,+INV 330-831-9192
55a5b2cd-d304-4e0f-b98b-d7de82b48d69,Creola,Callahan,5e97ee084e8e479d82b2db77833fa52e@protonmail.com,+INV 862-939-0819
2ff703f9-4e53-4828-a590-0e90f759e7ef,Hilma,Carroll,35f23fbf77ab412c97bfb98bf2398a9f@live.com,+INV 151-247-1597
d1f7ba42-2f71-4ea5-b208-0b8a02b74ce1,Wilmer,Murray,cc53f9b21d5b4765a11df63b059e8a9e@example.com,+INV 042-046-6547
42a1746d-f629-4252-9d74-5025b6b9d6be,Tiffiny,Peterson,b5653e2b07644a46bfd412491c2b9efe@protonmail.com,+INV 117-288-0640
1227492b-a562-4cb0-8171-9c6dc68ed488,Youlanda,Bush,d8e1f0f26e8c4092ac5bcb27b6c9f2b8@outlook.com,+INV 555-348-2000
639a33cd-bdeb-45e7-8435-c3bdb0af674e,Garth,Poole,9efad12dc39c43c99d5f6d61f9a7fa11@duck.com,+INV 783-639-3451
220d7f2c-0b6d-4680-9baa-7801ab81848b,Weldon,Warner,abd24aee4d284fef9a856a1cb4a0cac1@yahoo.com,+INV 081-197-8665
318baebe-d0c7-4fd0-91ea-52983f858f52,Holley,Goff,d385db636aa447dfa099a48f703f1dcc@yandex.com,+INV 471-400-4271
94ca4bfc-824a-4177-b3d6-391693522e67,Lauran,Walton,f1a4c232114f4f578b351ac32cc30213@yandex.com,+INV 950-449-6660
4ed85989-bcf9-43dc-8450-497e8a753c65,Margareta,Davis,4b99b7fd8ee6499ca36533f608295bf7@yahoo.com,+INV 389-916-5208
f414ef0f-1a93-4d7d-9a8c-40008c3560ea,Charlie,Alexander,ee758e9b24f6457fa34cc123f24bf6a9@gmail.com,+INV 359-716-7756
c06e6a5d-598f-43ae-8ac3-6eed11ab98c9,Kanesha,Hanson,18f52c481fd74d529ad4ced37e2db3ce@protonmail.com,+INV 879-616-2099
91aa1118-5748-42a5-81f3-30dd4aaf101a,Erinn,Flynn,375756a952e04b2a892958b62ab15d21@protonmail.com,+INV 318-432-1786
be70d69a-86dc-45b1-8679-fc6a74cd7451,Chet,Henson,30e862ea07024a1295f3a8d599eb081b@gmail.com,+INV 354-722-8067
b54f479f-22cc-481a-b222-581f9ac5ba02,Steffanie,Ramos,12d84d1e843f49aba3771519436c5d9d@example.com,+INV 774-599-2090
a5dacbe4-9165-4617-90af-2b7f48f8a989,Delmar,Castillo,b35ecc6e3d9942d4bd7f9c86ff4312af@live.com,+INV 366-299-2853
9d312833-8c09-4817-80d2-b88ff4a4e913,Harris,Lynn,7983504316d14a11b687578fdcf7763c@example.org,+INV 443-188-2452
b266006d-e0ff-4a6a-86a9-822a509eccc7,Rosana,Horne,41a4b27060d9468687a1e851b4a635fe@protonmail.com,+INV 981-653-4239
2c499c2b-8a45-4f54-a34d-fc618ec39427,Marcel,Ortega,b6e32cf2f4e94945a2888ca22c01db9c@example.org,+INV 558-225-4177
a646f13e-0445-4c5e-b52e-306073397e4a,Meridith,Dunlap,a126332ba5924e378b1c4b09af800d31@yandex.com,+INV 889-479-4832
f4dcf196-bb84-4edd-8139-c9441912c0e6,Chong,Rosales,0e70b3b9f1074114be7036386a4aaec0@yandex.com,+INV 388-604-6647
888d9047-a9f2-495c-83e8-39cfefe3b43e,Irving,Avery,5b89e64cd804451caf4184e97c7bab1e@gmail.com,+INV 468-371-9383
0888ab4b-bf8d-4330-b8b8-60fc20b42252,Lance,Chandler,67ad9f57bbb1453f83744d6e84faf23a@live.com,+INV 529-354-6645
59167b90-3a16-467c-a501-7b843c2cb7f2,Bernardina,Mcdonald,9870d981e9a24459b5201aa9ee2ed9d4@example.com,+INV 439-174-4483
5816c412-e378-4e9a-8632-7d51e8ea9eaf,Rosana,Schroeder,fc2925f09e7c472da8e9f7acfd9dfcdc@example.org,+INV 248-436-2604
f6f045dc-2b06-48e9-a9b2-2905fe449019,Ligia,Whitney,2332bf1b42364769a26cc0306d9c6ab9@live.com,+INV 237-552-8339
4c38c0f3-70de-4007-9c19-ec59805e6e65,Carylon,Wallace,9125888a48d94843aea8aaf893a1c77b@duck.com,+INV 856-018-3066
a0598b86-ca77-45fa-96ac-b2879c135233,Shaunte,Bond,6ebe8fefac524f21a5c84bed5a1248c1@protonmail.com,+INV 820-320-7564
ad4c9a06-0e34-4c64-84a9-ea6cdab98b53,Doug,Norman,edfa1f3ceb324403aa6ce19ba293a1b4@example.com,+INV 702-278-9486
73ba9f0b-8cf5-4292-ae20-6b7c76ed9a2e,Pamelia,Cleveland,0a502047d4784969b9bb92018ebcb9d4@protonmail.com,+INV 550-027-4545
eca56852-66e7-49eb-abf4-3399ea57ee38,Brandon,O'donnell,7b8014b583ee4d9cb060bacfe5e2cfdc@live.com,+INV 782-448-7644
0555f63c-dae8-4dbe-9e40-3e46be554c72,Guillermo,Mcmahon,6cc1231dd2fd4b46897ae802191127b2@example.com,+INV 978-230-6792
f2fadf33-dfaf-4cfd-8d36-61afc2c3802f,Francie,Tyson,bccb3fb8cc4c45f1b6fecbee9c87f2a8@live.com,+INV 892-224-1205
291c92d5-694d-486b-b483-9d91f0ba1216,Chas,Wallace,c872f8501e5947a184dc600e3248fa96@outlook.com,+INV 352-289-6062
81af1628-28fb-49bb-b678-301f4673d5e4,Brandon,Mason,88394eb9cd56434bae2d47d67b70437c@yandex.com,+INV 918-714-9716
6e2e69ef-b965-48a7-85a3-2ef1ff040bf4,Alessandra,Madden,eb11715f84e2403ebb65ab59e162e24d@gmail.com,+INV 509-147-6351
25f26658-75bc-4196-81ca-f95cdaa882ff,Marine,Sanders,b25322b4e56848ae90383848dab05457@yandex.com,+INV 466-747-7667
b8e1a320-e04c-41b6-9963-399597f643d2,Rubin,Meyer,4f6f61587a35472eba33838b180034f8@yandex.com,+INV 359-248-0027
b5fae973-5e6b-4c61-9c6f-bea1823b57d1,Lane,Lloyd,100beae35a8d4bdb931fd0177f3530a0@protonmail.com,+INV 675-919-3885
0fe7c1c3-75b7-47a8-aab6-49a522bed475,Karl,Roman,091676c76121437ebe45e212f70199fc@yandex.com,+INV 437-235-1789
cda427bf-67b6-4dd2-964c-d9c691f9da84,Clyde,Conway,882b8ec5fcc94c37bc94755b1a11acfa@live.com,+INV 629-546-5817
329268a0-f5c1-4f23-9af0-1226d4b0721c,Lien,Sweet,db1ed57965b24f84b0bf922cacfaacde@gmail.com,+INV 716-365-3285
aedd141e-cd0d-4f4b-a346-aca1afe8e15f,Emmett,Gould,0da1498f594f498db154d76f7ae6ae5f@example.org,+INV 341-877-6115
539e2978-2cc5-4537-8722-48d033d58121,Carylon,Cruz,596ccca89de14e458be7beb2a5ce9c19@example.com,+INV 031-282-3301
ff422b0c-fd4d-44fe-985d-2db7b610a99e,Deandrea,Gamble,8d77385732b84badb62928fa87d9b7c9@protonmail.com,+INV 952-307-7774
88c5252f-0474-4c56-b6f8-1e34a23acb7a,Alexis,Palmer,c82c337f570a432fa898b504ce4f0eb2@example.org,+INV 072-115-5550
a5f82faf-c2e8-410c-bfa9-80d95005883b,Jaime,Morales,711e397ba0c84e93815e27d9794bafe3@live.com,+INV 419-430-5211
e0f60b0a-e79f-4abe-9fea-8a3c62dee34f,Numbers,Bailey,f3974f2172f8490a803d176f19c4190e@yahoo.com,+INV 776-038-2156
c7a649e0-1757-42e3-ab58-86e408cbc6d1,Coralee,Humphrey,d5030827fddf4bf3a4115cbe491bc004@example.com,+INV 203-705-8399
ec4afff8-02bc-4902-a8c1-40cb61b90932,Rema,Duran,bff9ad4e7dea451881191c04479348c2@gmail.com,+INV 114-803-0454
40c2bc52-aa3c-435d-9178-b3c5c28f269b,Robby,Tate,a02393a0a5e44e249866ce5f5c9b2940@gmail.com,+INV 306-282-5243
c14f3e8b-1596-4704-9ca3-f0e8816763b0,Tora,Roman,df3d1672c6fc429d894d6851f32b181f@yandex.com,+INV 776-617-6799
acb7b0cc-3d33-435a-a0b2-12b43b4c545d,Wayne,Hall,f9d618f250d748ad9b0cd854971bb047@yandex.com,+INV 772-347-6655
238bad18-51bb-47e2-a5e8-5db48c65e857,Lenny,Faulkner,890472b4de274e018c22ffccbf9c74c9@example.org,+INV 146-189-6371
6cab48d1-691e-465b-ae33-5f162bc2cc10,Cody,Mooney,3e342e613ca7460a90d21c6084d4d149@yahoo.com,+INV 021-867-3560
aaf8aa11-4fea-4b1f-88cf-0758e5ca6009,Sarai,Savage,9214b7618aa34849a7bbc82aaba4fc52@outlook.com,+INV 649-581-8159
f29f6f17-cf37-4fbc-bb1a-87e73a88f809,Gary,Ayers,80629114057e4d0fb96e53a106f51e4c@protonmail.com,+INV 170-665-0901
90ef3c1b-33fe-4cfc-a285-87677180cbb3,Manuel,Wallace,8350258cfb224078b96b5bace3635136@example.org,+INV 860-731-4673
33271d9c-9e30-4a73-91b8-4feb9856ac93,Taunya,Martin,c8760691082547b6a41efac6e7b8662d@protonmail.com,+INV 977-912-8871
d185b52c-d689-4036-9445-ed64655919e7,Raelene,Nichols,a5f2a2b75255448bae2fc86aa36ee7ae@protonmail.com,+INV 884-818-2108
27a2a11b-b967-48ed-9113-882d99dcfc3f,Keith,Cantrell,1b4586d6d51647caae2cfeee7408f325@yandex.com,+INV 971-871-5868
31d657bb-3f36-466a-9654-80fa3ebf183a,Willia,Turner,0ed7492b619248bd947120a9232c671a@yandex.com,+INV 582-797-5784
c1ef0a2f-6409-4c52-9475-83b48b57bb5c,Duane,Mcdonald,f1024a09744841e6b6a7a48e6acb1241@duck.com,+INV 739-917-1536
bad0995b-50c2-4b01-8876-54c7c73ef1c9,Houston,Gonzalez,939cb155280844cb8846fe5625bc481e@example.com,+INV 760-447-7647
482640df-557b-4662-b780-5d7e3959d702,Jarvis,Gibbs,0d8f7ecd0d3b4080876081909812e716@gmail.com,+INV 632-882-0036
e78bda5b-860d-4dc6-a739-dd9c7c3027cc,Saul,Coleman,e25c90e715f7479a8abf29fd16f164bd@outlook.com,+INV 280-508-5378
fff7bc33-7091-4a16-8854-1b0bb2cd71e4,Lakita,Madden,7ae61e2f6d0d49e88655353bec6c07c1@protonmail.com,+INV 079-507-1269
badf0ce1-55fd-4223-95a9-3982202c62a5,Calvin,Diaz,53b133495a6443f5866b1b083d8548de@outlook.com,+INV 015-611-8785
6b8cca23-42ff-40f1-8cf5-a9fc0690eae2,Rhett,Mcdaniel,b690828ada4b42b9add1208a10c2ab8b@duck.com,+INV 511-665-2362
8280b211-d383-4dbe-9352-00d25a1337ff,Marguerita,Dudley,930f05471065488ba2a46072a607ec0c@example.com,+INV 806-287-4931
1419bacc-6c4d-4d85-82e8-bb7768a5603a,Elton,Reilly,d91d84ed731c4ebb977e226ed265e3fb@outlook.com,+INV 846-538-9257
5d68f1ec-ee59-4319-9a87-124541de9adb,Isaac,Nash,bc63c8fdfafa4fa6b8d59db665491fa1@example.com,+INV 449-195-0014
c171b160-c04f-4bf2-8d1c-dea11bdb375d,Marine,Terry,84078c6a68fc4be79c0db991149b1954@example.org,+INV 103-227-4205
bb504e16-71b3-4881-8a10-45d2f3aa2f4f,Grisel,Wooten,ec396434e23a426195db12f9202dafeb@gmail.com,+INV 832-382-3559
b4f02bcc-85cd-43df-8516-b567a1cc3d4b,Donny,Hobbs,602208e6daa24534928f45d85fc0c4c9@live.com,+INV 204-058-4234
7f82c007-6721-432f-9c3c-92f068c35658,Arlyne,Anthony,26b02c8ab228456d93bce88a50802734@protonmail.com,+INV 795-249-2508
badd4bac-5fa2-459a-929b-9022f43348a6,Delsie,Mosley,fc226081390a486bb35aab7ca89d90de@protonmail.com,+INV 231-501-5393
9031b8a7-c6ab-405f-bb1e-ae697aae05e7,Calandra,Mcintosh,37edd08a4fb74f33851a2c0a89a68c4f@duck.com,+INV 421-654-0166
8e41a3bf-0d6f-424b-b0d0-3371fff1e1f1,August,Molina,1f881191565443e6acdd0402a0142eee@outlook.com,+INV 501-690-3181
55c4242d-a06e-41b7-95e8-2ca19b62ca60,Gustavo,Robles,9a09f29922e84d0eac51317c8411c0b2@yahoo.com,+INV 960-155-9341
e35ed660-a3ef-4b26-a605-88c3bc2512f2,Kathyrn,Rivers,08896987542f4733afafab735810d7a0@live.com,+INV 668-818-1551
54a43048-f8b5-4794-a974-edf42bd485f8,Genaro,Arnold,4c348db5024046c6adf5c6d5151386af@duck.com,+INV 175-304-7339
a3766b79-ea98-4ad8-9b75-08c2ca800481,Melaine,Ortiz,6d3156b1c4784a08ba03b70992d322e6@example.org,+INV 996-111-3681
81f6453a-de4b-4a1e-b6f4-ef3870a2bcb1,Sau,Campbell,137a58ea48dd41759b8cddc0bec8f47e@yandex.com,+INV 870-180-9724
87f19dd2-d1ea-4320-8797-46fac97b4d10,Idell,Roy,65b85a74d2cf4c45a506e1781b329eb3@yandex.com,+INV 081-656-6351
f0824058-796f-4409-83ff-557e0df8189b,Philip,Ward,e9795fc0d8e0457ab219e421271e3b21@protonmail.com,+INV 723-548-5723
bcafdbe4-2464-48a5-8cb6-b6e0d3297c3b,Jeffie,Adams,4946714b2aac4920b9587851c6adb3f6@protonmail.com,+INV 100-546-0293
512f11c9-2044-4e3b-a43c-b98e3866fc92,Layne,Watts,236bc39d7ff54339b60c7d4830d2e76b@outlook.com,+INV 716-451-8438
28e5d081-bc09-4c51-b310-778d574d4a92,Hyman,Morse,dadde7aa0cf14b8db973650e96d5e0cf@live.com,+INV 483-001-3185
de3c7c92-1cbc-4909-86b2-d613ac7a0d54,Belkis,Massey,36c46279c7004c58aecb4f6d764c7e01@yandex.com,+INV 995-099-6720
53072f05-01bb-4fd4-a053-3fe5f5af1fdb,Hosea,Golden,5992961cde994e0a98a9d79702d631da@example.org,+INV 952-756-3852
9dbd431b-e3de-483d-bba0-baace8d95221,Royce,Bennett,a2aa4e5cc6454dc0b7e8cbce33eeb1c4@outlook.com,+INV 048-736-2938
7f6ae1b2-e0e1-4318-a277-71bcc79772f7,Tracey,Chan,2e0026c24b1f40fab263cb1a00e1132f@protonmail.com,+INV 672-638-6443
1688478b-3d59-42dc-9da4-03817496433d,Annice,Talley,253046f7450d4d30aac5ac767a09fa8b@yahoo.com,+INV 010-566-1749
67d23b47-a963-4c78-960f-d2b2fbe209c0,Danika,Page,938f69f0c80a40128843a23aa3e90f9a@live.com,+INV 144-331-9672
7c6b2a8c-de05-4a38-be70-e221d9bcfed5,Chere,Huff,e18ab45a54c945c7b1d998f45d2fe060@example.com,+INV 623-140-2374
a9fb448e-3ca8-48f6-aa74-caec8accb265,Cordell,Hurley,737e6e6ee089459fa36269e0eabe59db@example.com,+INV 148-213-4924
f0d7bea9-a0e9-4711-bda8-356dcc4c8401,Jimmie,Reeves,045d1163a71c439c8dac2608bf5af10f@protonmail.com,+INV 653-830-9036
a125d92c-804d-4734-9252-a2b552f20955,Booker,Phelps,e5a32a26a7634e9ab5092b8d199e4baf@protonmail.com,+INV 344-767-2860
ff440bc0-0dc6-4077-959b-5f751a084fb8,Dusti,Harrison,3cb47e00918d43dfb7e93332d52f0ae3@outlook.com,+INV 959-654-8446
92f4296a-f9b1-4d69-9d61-f178cfa420f5,Cordie,Higgins,5f593b8284a94747b38545155ef80f7f@duck.com,+INV 179-907-1461
30232b2a-11fa-4a3f-8b72-bb9df650f53a,Leandro,Rich,d1c7587941c14a7b9a0ec721c1da4e3b@yahoo.com,+INV 414-074-0373
c00f09ab-ac81-4a00-8801-cea715c25865,Wilmer,Kennedy,02bfd15500154b389bf0cf56d81f4ed6@gmail.com,+INV 116-961-1399
50d1f043-d238-413c-8e10-1b3cbcf24c7c,Mika,Duncan,b371e9dd00e844f2aa456865ecae8101@duck.com,+INV 686-352-9508
ed98b951-e5ec-47f0-b392-c8a45fe823e7,Yoko,Bruce,d3a970d26dae4ccaacc415e0c94b9595@yandex.com,+INV 246-498-8689
c3bbf152-0bd0-4aa9-abad-3f1eb083937e,Apryl,Frye,546f2ef871ad4b438ef469e0689c6cc1@duck.com,+INV 396-537-9326
540e8858-6077-4f2e-a2f4-964e656a786d,Guillermo,Le,c96cb2da93d14b47ba2d07f0fd89724e@outlook.com,+INV 428-185-9773
429d97b1-526c-4118-be55-fecc91cdbaaf,Meghann,Anderson,77f517ebec594be99162cecdd267cb41@live.com,+INV 997-184-0232
362004d2-1fa0-4f64-b758-9bc4f50aca8d,Larae,Saunders,0458e83cec334084923b61d57f29584c@outlook.com,+INV 907-606-7612
b37e41a9-eafa-4941-9bf5-049f284a865e,Shakita,Branch,11096002e44a487bb414ff37e4d52d95@yandex.com,+INV 552-272-3052
d6d20761-8629-4013-9097-e8c9740b24b2,Grazyna,Delgado,8e86d8eff5544bbbb8087be2eeb510dd@live.com,+INV 473-966-4732
61744a9a-e3ca-4c88-b80c-68bbac9119a2,Art,Ramos,01da9735ef61402dbf0a77759dcded45@example.org,+INV 149-084-4485
f8230c9d-94ea-458e-acc0-98a61175beb2,Aundrea,Hooper,9917e0afc5454f34a6103692f9c0eae7@live.com,+INV 831-385-5516
2c57550a-bc9d-45b1-9f1a-8ecbf7ed9c9c,Terrance,Scott,64e554ab000e4d5c80f3ef8f8c8f7538@yandex.com,+INV 660-755-0268
ac9634a5-960f-4e29-a378-a2ef9a1b4d6a,Brigida,Caldwell,9d81c73787214a219294ff8e66a9afc0@gmail.com,+INV 445-947-7686
9be89cd8-7b9e-4cb8-b606-71134ea06d5b,Kacie,Drake,9b95875b6c43499ea550cda219c3faf8@example.org,+INV 127-140-3885
8c5021fd-774f-42e0-b65b-572690d3f4c8,Lorenzo,Cotton,27a008582c204d498d66cb86dcb4f19e@example.com,+INV 518-371-3565
707a0b8e-5ace-4dd3-bbc0-fe8155981dc8,Nelson,Rice,7f2af6bcca14405ea8cfefeee9c4216e@example.com,+INV 457-998-5014
fe20e7ab-bca7-46bf-92aa-49f814a59171,Jacqualine,Warren,7e21164cfe634078816909b45c07333d@protonmail.com,+INV 475-851-7627
cef3853c-f8f8-44e6-87ef-ce82b438a045,Deeann,Parsons,771bc8af96dd49b4844a5692674044a8@yahoo.com,+INV 295-606-1487
2645d781-9f94-44cf-b53a-651e512835df,Margrett,Barrett,2f642c1b61e94936b928e71a9b5e713f@outlook.com,+INV 667-920-8453
23218a62-3172-433c-80b1-a10e10d26136,Harley,Mercado,cb9daeaa517842848595e19b362a285b@protonmail.com,+INV 614-032-1861
3b43208a-c9e7-4e6a-a854-7405720457d6,Berneice,Norton,b28696d114b149f08744f95b053987f1@yahoo.com,+INV 148-715-2268
37344d06-9664-4eb5-bcc7-bd9b040c4d29,Mauricio,Ochoa,b3c5744b90454414affa2c8d4aa0414d@outlook.com,+INV 405-554-8718
2aea8beb-9aca-48eb-a236-2a0c8374db8c,Weldon,Hood,f122f959f984477da3487100890528ba@yahoo.com,+INV 298-206-4682
0fbe48c3-6086-40b5-96fe-ee92f8fc0d1c,Bethel,Atkinson,795de2a9ffc240558565fb343a930f71@live.com,+INV 673-445-7134
523dd0cf-0cea-4bc2-8e2d-edf1ebafcfbe,Foster,Weber,2c282f23624f43ba854ebfdada813f6d@protonmail.com,+INV 483-316-0250
188ef9e0-cda3-4777-8d6b-0c4864212e81,Dino,Sargent,6e6f28233147442bbb7f1cfa59bf9af3@outlook.com,+INV 126-875-4277
8cf94a1c-c091-43a6-9963-b11bff57be95,Julian,Henson,c14da9f924f144abb7e084d24a14bb7c@yandex.com,+INV 129-991-0887
caf647e8-796f-4562-a895-f2d6a7c762f6,Zack,Logan,22ac2dd9aff3483a9abd233e73fd2f90@example.com,+INV 653-491-5138
913a1eba-8fb1-4a27-a30e-0a4918367511,Jacquelynn,Floyd,f3501ebe041b4cf38e79ba8cb1a04952@live.com,+INV 105-529-8609
32f31311-5631-4d2c-a73a-5d43fc92a647,Shela,Browning,8f71405c059b40efbc8ea81f9c2133c9@example.org,+INV 440-988-5450
47f068c8-fd18-4e16-b84b-cbb0aea405f1,Elli,Jensen,4f902a6525cb4acb9298c7baedf866df@example.org,+INV 777-414-7527
7bac71d4-5145-4bf8-bbbc-bd21fe47db3f,Annett,Monroe,5d7ffe07c62745599402b3c5ba4df7e4@duck.com,+INV 836-348-5256
752e7366-4363-432c-a912-857f4c33c78e,Eli,Hardin,cc88e01f49f64615ac874707f6dba1d5@yandex.com,+INV 971-641-8957
cfedd47d-acb5-4407-9702-8f42259105b7,Ermelinda,Ortiz,796d95ad65fe4dbeb9b9fa5d763b627b@example.org,+INV 161-109-6801
e5b3d386-e38a-416b-80cc-f785cca40943,Shizuko,Finley,6cbe34a26a0549899b853e0a177e9cef@protonmail.com,+INV 076-065-8921
8c8b263c-5048-4776-b512-5df9c02436cb,Olene,Koch,e3b2af5eb4d04f799aa5cfae526710be@yahoo.com,+INV 752-473-4684
32b6adc8-6078-487f-b479-3b979c13cb66,Fermin,Frazier,8c3c7dcca60b425791c9cd5ec5b98db2@outlook.com,+INV 544-693-4257
ab0a8b39-520d-4b05-8a81-0b48d9842025,Laquanda,Talley,e006ebf26554445ca5801d0dd1c9f061@outlook.com,+INV 094-402-2140
d4721777-1bb6-4c6a-a229-707d96607d40,Manda,Barker,a3a6434869e1423495dc8d9a47afa342@gmail.com,+INV 705-399-4535
e8554086-e2ff-41c0-af49-798db9e88175,Joannie,Guthrie,fcad24d1491d4ef59726d2c5d84c129f@yandex.com,+INV 137-865-3771
29ead109-81bf-4804-9f7b-2cd99b202dd3,Oren,Thompson,e325b17947a4461391a71192555e6fe9@example.com,+INV 246-943-9970
8d97f037-c6cf-4a78-b7ce-396abbb6759e,Lorenzo,Benton,d733a83a5be4431db5d9621e31fdea4e@example.org,+INV 819-859-3455
e578f467-4dae-4d15-8520-2bb008d0dd18,Amee,Gamble,23ded9ceb69a4ae5bc6f3db66423abe1@yahoo.com,+INV 408-469-4843
f4f4973a-a461-4fc9-8da1-13d2e8625feb,Elvis,Thomas,cec52d05dea24396a6b7554532048d83@duck.com,+INV 394-241-4990
c2af0027-c2b5-4a6b-ba9a-e6466affc128,Mabelle,Carpenter,da36b4386484466ea4b0edc180f9ad10@example.com,+INV 853-623-6402
2a69bb36-58e9-4e85-8d66-4d9b406da8cd,Olevia,Harmon,85b6724799a84a929f9a8f3a9e4ff446@outlook.com,+INV 167-690-9453
5d098d01-25ba-4ad3-b540-b9752b4c2155,Gil,Norton,cf4271642a584b86bec6a65f6d396a61@gmail.com,+INV 518-305-0461
a67790b3-17e3-4122-ab76-30c8840d4b33,Mistie,Dorsey,e1e7ece6f35d48a6999d170654610a67@gmail.com,+INV 053-884-6684
5b9a1943-28d8-4c79-aa62-b1c37b03d469,Chung,Harmon,5b6150e979244ff1a9a49ab3e4d67057@example.com,+INV 936-915-9189
b6e7f012-374d-4633-83aa-abe97c7387fd,Ute,Gonzales,cea382041dac45b985958950228d73b6@protonmail.com,+INV 560-113-2714
b5c5c447-8b53-446e-9505-62b46dbe1084,Shirl,Clay,7bd7cbe270fe4ac68b4d4acfa54725ed@gmail.com,+INV 001-997-7703
5ecde4b9-5ef2-40bb-95de-d183e37a2d42,Porfirio,Heath,39258948bc994622a6878153fc33ff38@live.com,+INV 883-649-3531
b5a4fbba-9929-46e6-aea7-3c56a1056d9d,Leia,Pratt,f8315f34739a4d11bacf7ce763981dcb@yandex.com,+INV 097-904-7647
5c6f4598-5885-477f-ba68-a5c3772cd456,Marcos,Paul,4ea5c58eaf2e41b3b49a3f6687780d8b@protonmail.com,+INV 519-865-4038
9b0b141c-44ea-44e9-8f52-10eb1749988a,Everett,Key,036218cddc824ac9a37da1d0d607fa80@duck.com,+INV 445-798-8563
7e518e2b-dbe5-48c2-9a63-5c8b167fbf2a,Nathan,Brock,3d5863dd1e0646d8a0d57dc5c719e638@gmail.com,+INV 516-075-2191
91886eb4-1942-46e9-ac54-3417f123c1b4,Hank,Chavez,484f5ecfa4384673ba721dba888717d4@outlook.com,+INV 704-327-5121
3e450db2-ba5e-4872-9031-cbfd7c295441,Shery,Haney,f7a8956f2e704341a086d5398642384a@duck.com,+INV 797-327-4842
d89957ee-42c4-4426-897e-e9abc737c39e,Derick,Lyons,dccf581b5c8d4380b7624d2d6646f386@yahoo.com,+INV 552-667-4046
6e78dd50-18e9-4ff1-be59-ea13325b9897,Brad,Stevenson,f83ad7ef09ee4b2abffe4de47c4905d2@protonmail.com,+INV 858-775-6449
5d02c41a-9028-4a75-acda-13eadd16c334,Jame,Tyler,aa7af2f7168a49e88de4e4fd2919f10f@gmail.com,+INV 986-478-8987
15fd8d67-8876-4f6f-8549-5e2340e0e5a3,Tory,Abbott,0bce81af8cfe4cfe9561edc2c52dce45@yandex.com,+INV 428-906-3202
25cb7b37-f017-4524-a5ee-8726d7de3603,Thurman,Brock,6a9dbdd9c67642aa800deeef19fd72e1@live.com,+INV 238-465-1827
427d2c49-e8ae-46c7-8af9-cb657e1cb648,Sharie,Parsons,8ef661db7f674881a20c3a17591a4dc8@duck.com,+INV 971-920-1096
e778afe8-f155-4943-bd62-e7ba503cc927,Laticia,Morton,2eacd89af73a479694d53dbb51fb7746@protonmail.com,+INV 247-778-7526
755768ce-f0b2-4d2e-becf-ecc5eeb6330c,Javier,Ruiz,b5d71896fdb14219b0b289bae7a4ead8@protonmail.com,+INV 420-896-9147
834a1929-fee3-4a77-94b6-986d6b64ad44,Forrest,Brady,37b0a4b8cd1344ff94bd789947557d36@example.org,+INV 937-093-2844
58adb707-475a-4234-923f-87c12d2164de,Shirley,Gill,7f24439d6d11468384160bf949178c66@protonmail.com,+INV 621-583-9360
342b6f00-1470-48ac-b4d3-5a543072ea08,Jere,Bennett,aaeadbe323484e37ba6dacbd8fb58f26@yandex.com,+INV 065-694-7278
5da3abec-5c7f-4f98-b68b-1d6ae55af7b0,Warren,Griffin,ecdb96ae70314a3eb347d0d3ada81662@outlook.com,+INV 679-788-5809
0f95d39c-c111-464a-8801-189304e7a17f,Arvilla,Mcfadden,6831cee552c947e28a544ea0cf81064c@protonmail.com,+INV 108-129-3532
39ab5174-09b8-4dc0-a99e-6e4026229220,Johnette,Maynard,a834d636e8344243a7e92c30ea0a19d6@outlook.com,+INV 729-077-4483
7459d83c-71fe-4396-987f-bcc5fe6129bf,Sulema,Smith,c8e305e0de7e466ba1def3d89b580bdd@gmail.com,+INV 898-814-2357
e8311eae-c71b-4c6a-a45c-0b86509dfa36,Almeta,Swanson,afdd77fd29024f82b6cffa311f305820@yandex.com,+INV 426-150-5462
b9b65df9-4246-4277-ba5e-0e67de795d2e,Jewel,Buchanan,c1251a6abb9a4f33b9ff0bf7e6501311@yandex.com,+INV 906-685-1223
ea7fd50d-d705-4f81-92a1-264532331936,Bev,Montoya,251c56952de543bd82c67b6e2d1a2c54@gmail.com,+INV 104-838-9167
04a10abf-1b9b-495a-84d6-0bebba80f315,Simona,Clay,db24344fee144b73a1b7b129fc42e32e@yandex.com,+INV 266-070-8964
84bf4110-83fc-4d06-a446-f61ec2c6b3bf,Jamey,Espinoza,a97777ec80de4322819613eaa132f19b@gmail.com,+INV 462-945-7993
192272ab-7eeb-47aa-9213-24371b839d1a,Roosevelt,Rosario,ec299b85f8d449a3a114cf356bf14d36@yahoo.com,+INV 855-482-0460
d1d4adc7-2218-4240-90c8-e75fa7a1679b,Cedrick,Wiley,dec8279b26c34ac8b2590455ef8e5c3b@yandex.com,+INV 759-537-7805
66ca41c6-66fd-468b-92ee-0224db259f90,Katelynn,Berry,b29d96744c864b1a99ab6b885868bc93@yandex.com,+INV 125-504-1818
b6ad3bc3-bad8-4a72-aed0-8a8fb1e9d835,Augustus,Valencia,b63a68bf30c74cc9a7c05ad749fc300e@outlook.com,+INV 126-282-5427
aabad127-d25b-4a04-9c94-720f000635ef,Nelida,Watkins,6e9f9e53d7f1479abec0cbcacff08e3d@duck.com,+INV 055-822-3249
1920fce1-c711-4eb4-95ca-1cccb5ec470b,Temple,Robinson,acd9f16a05154af5ba938c792b122e9f@live.com,+INV 790-162-9018
d6bcbf1e-d27a-4d99-b98b-e0f76c5de6a5,Georgine,Boyer,d0900dd0d49c48929357b5972f734b57@protonmail.com,+INV 651-562-3564
3e7fa724-0a02-4cb3-a19f-f0975276e857,Chadwick,Davis,966334df331941178f7b3a4a056f84fa@example.org,+INV 339-176-2245
27587032-5efe-4b79-89e2-5c99fcd9a9d0,Ashlea,Campbell,5ac27bb1ed7d44c482b2e28091501b6d@example.org,+INV 065-370-3576
8297d90e-64b4-4b18-bb18-58f37b0610a3,Taylor,Fleming,7727805a0a6743a889522498a4476770@outlook.com,+INV 117-318-0161
9174285a-d0b9-415e-9ab3-b54462d8806d,Malka,Cantu,17f69cf6eaf146e9b70ff46322329d45@outlook.com,+INV 966-005-2680
11994437-7fe0-4e96-ab79-41ae4f85b994,Renato,West,366518672bb0455f825b82352bd6e9e5@example.org,+INV 864-718-5586
fab7047e-ab9d-40a6-84b3-b497088a4404,Rafael,Shields,a5ad43cd94be4cdc93e91650adb08180@gmail.com,+INV 279-918-3559
32e03eb2-edd6-426a-ae8a-ea9f2da06faa,Madalyn,Washington,718eac0c72dd4786a1744c59cf674b63@live.com,+INV 307-701-7215
ea2a835e-e6ec-4b3b-a1f6-78e69cd59eba,Lucien,Hancock,9673735a367347d1abefdf00c1435461@protonmail.com,+INV 668-692-3592
8172d68d-d0e7-4852-abf6-d4083595d53d,Audie,Britt,4d0a2cf3cccb49b9b235f9d3e9d1687f@example.org,+INV 036-925-4847
0c33aa20-141a-4d93-8d52-c60cf4164f19,Fredda,Mendez,0880630ad72a46b499e9768711ed16a9@outlook.com,+INV 502-414-0870
768950e0-7525-432d-8c3e-3eed51c8b5cc,Henry,Sampson,552f54416682458aa68215becd1eeac1@example.org,+INV 192-489-9662
861fe1a6-9142-4be7-97a0-073780f57220,Curt,Chandler,fe7366b4d8124ce580d56e1a3930ea28@outlook.com,+INV 731-815-7111
2721ef04-e45b-4ff9-95da-fe54243c362e,Sang,Caldwell,e74731653a8b445eba890b8a8a10912c@gmail.com,+INV 707-710-9067
2a5d1bf8-aedb-4997-9acf-aa8c4f9156e7,Numbers,Tyson,3774642c4a5641b2ae878fc5186adfa9@yahoo.com,+INV 005-660-7596
0b3480d3-d94b-4b83-98a4-89e210e4c761,Elanor,Rutledge,c996a62bc6ce45fbb5a0398da77c8e1d@protonmail.com,+INV 814-265-8139
ada67ebc-48ba-47c8-beda-61d4da356eca,Dexter,Goodman,37067b288dce47a9a79938eeec494cc4@yahoo.com,+INV 894-773-8237
ff86ecfa-bce5-4036-a10c-3f00c5d73bac,Ulrike,Ortega,508332e9ab814021a9d6001515f57795@yahoo.com,+INV 392-252-0841
a1fc852b-757b-4bfb-ba08-e79449279945,Wallace,Coleman,41d74800afa14ea3a9a28a3f22ec680e@example.com,+INV 931-625-5285
bf9e5699-7e53-4db8-998f-fa9426b5bfea,Joline,O'connor,4354e7b7a27a40ec973a8af9a4180b3b@example.com,+INV 555-238-5999
e3912f5c-727e-41b8-8437-707d0f7c7e0e,Gerry,Woods,b7b94d9c33624dfd8d15b6277a809279@live.com,+INV 950-722-7198
f11e70f0-17d6-4455-9fcb-0cc8d83d0cf1,Arlen,Larsen,abe09203d62744798ed76c6b176eea5a@protonmail.com,+INV 467-147-1721
dd1c3176-bb9f-4154-95d9-a1bfaaafbe89,Magan,Lowery,e99956e0e94140279962b13e41e4d420@yandex.com,+INV 455-419-5905
71cd03d0-5837-43c6-996d-8e73258e51a6,Hilton,Huber,d98b684386614350b840a44bbb5df469@example.com,+INV 144-393-8080
eeedfab5-2c3a-41ed-8791-9e32e7c8b6eb,Rickey,Mclean,2e2f7bb80d3749e4aa70d3445e826664@duck.com,+INV 224-124-0796
1cb9ddc3-2e83-4d1d-9b17-7f54c616bfb2,Galina,Randall,6a7342865c8c46a48daca8435fe69290@gmail.com,+INV 593-393-6437
26487d4c-12f4-4316-af11-641a569f6937,Cordia,Burgess,0898565ada39482483a08b488423d525@gmail.com,+INV 892-144-1291
30462c54-5332-453b-839a-c6c8328beb99,Jama,Bradley,091f0ac3ed9e48f49abc6b301fbffa16@duck.com,+INV 504-955-4613
978af3a6-772d-4d32-a631-10a4b49eb859,Cher,Mcgee,8b302830f6e54c9da911fdad341207c9@live.com,+INV 135-078-9189
2e03c6a9-7582-4f05-8d54-5996935a174f,Adrian,Mcbride,be466e6107ef408bada6a688b0f75428@gmail.com,+INV 178-885-8660
0c4d148a-c45b-495f-a502-43c5384ad05e,Zita,Becker,283d9c0c1aa24efe89a58443430dec7b@yandex.com,+INV 593-080-4705
d1c20d6a-5c93-41aa-bfb3-a8e7296ee854,Bok,George,eaa59a7bacaa4ad29bd03573c0c2c263@gmail.com,+INV 407-318-2638
5423f7d6-58b5-4a99-b21a-e8fbd4e63955,Rolland,Rodriquez,2b0a1efb326642239b8c397def1b4bb0@outlook.com,+INV 103-918-9000
4cc2f117-1f45-42f6-bc4b-f9f14bda849e,Marx,Green,bd96d16e328c49b6a48b92dc4ed427a7@outlook.com,+INV 479-962-6998
2c3a34a5-823e-443e-a50c-abde71467565,Dorsey,Gray,804d54de3c494a1795c33acfa09e75af@gmail.com,+INV 490-127-7633
3657cde1-74e4-4d07-bf88-acf22e0c1002,Aaron,Schneider,db224ccea57041298d7bf6e3fe21ff9f@duck.com,+INV 215-521-9260
d2a3a561-d6ef-4c53-b9bf-d5b50b1c1f33,Hildred,Wooten,420d150b6dcd4e3b8c9401135ee7305f@example.com,+INV 070-117-8740
f179057f-983a-4150-b2f7-1ace018e0878,Fabian,Wright,83245e0434c74960a198639283c11b53@duck.com,+INV 992-899-0303
9440d011-ff54-492d-a50b-78ff50fa4056,Lowell,Bryan,f430b0fc29d445e786177fd54ed1126f@yahoo.com,+INV 426-715-4919
10a81788-d68d-4704-97e9-606a3e6f3d80,Sebastian,Navarro,806cf3a7ccb244ddb197b7c3fed67230@gmail.com,+INV 819-078-5842
9ff0d9a8-0f85-4634-afed-cb99e4a12a7a,Aldo,Bright,378bc4238b4c4da48b04a0892a5ca37c@protonmail.com,+INV 187-988-8083
74866c5e-594b-4a83-9d26-37f9ca75efad,Raleigh,Dawson,25aae138043e4111ab7d9f6c718dd781@yandex.com,+INV 901-087-5264
61134cf5-2730-4bf4-bd0b-4e323860f379,Luis,Bryant,31d33a868aca47fabd9650ca45f417b6@protonmail.com,+INV 117-940-0277
a9de5b59-c079-4b3d-9f29-1e8ae95d52a9,Lorriane,Donaldson,47cd44bede0d4a11a90035a6e988f087@duck.com,+INV 692-694-0027
0f33d8b8-0fc0-47cf-87fe-1b42c61eea00,Deloise,Chen,ce0762a006954328ba94c125aa9aa21f@example.com,+INV 826-163-6695
d38c9088-c5f5-4221-9f34-7d43f6776353,Ezequiel,Atkinson,9936923b70c74e288d72e16919fa8841@outlook.com,+INV 739-064-8432
5e5a2da9-a1bc-42df-9ca8-dde881c6576c,Camila,Stone,8a9b4de2d1b94dcfa887116b84b64d8f@protonmail.com,+INV 501-355-4893
d8a95d52-773e-476b-9b5c-2d196456fa87,Fleta,Shepherd,bd199af2c4054432897b4d78682e0312@live.com,+INV 981-670-4380
ef36b4d1-b84d-46f6-9b13-2f15ea3ee14b,Morgan,Shelton,538b533c3ad146758ae55ee545e53690@duck.com,+INV 490-125-8728
16c30753-ae91-44ef-a23a-c662fa6e4cc9,Lyla,Schroeder,f6229ddc50b54527b52a3e78281df7cd@yahoo.com,+INV 852-747-2277
5c04605b-1f56-4c45-ae15-1d22c1a07727,Orville,Anthony,0c5243b23a8340a1bf31aea14fa9f6d3@protonmail.com,+INV 891-169-7199
72f7f250-d3e5-4618-8928-99c5abbd9f8c,Melia,Kirk,cb2f4a0fed5a4ea8ba045d02e767c4e0@protonmail.com,+INV 992-431-2208
4da4818d-2c8a-4b7f-80f5-10dc5ba70688,Maynard,Salazar,38f8009cbf4c46c2a880c1c67babc59d@live.com,+INV 860-533-3385
5663fc37-abb7-4bc4-95d4-ee1aa0bbf0d0,Reda,Schneider,d00c9cccaecb467291a9365b85bf57ba@yandex.com,+INV 276-903-5506
cd02f189-6626-40cd-8532-f5a71cf39d2e,Sindy,Pitts,c3f6eb052a9c4ebcbf2fd40f8838ca9a@gmail.com,+INV 759-994-0195
343684b0-9c60-42fe-83dd-e3811a7c604c,Jeni,Casey,fff05fbf5f3e49d89702100c76a38c25@yandex.com,+INV 358-869-1079
1eaaf278-cbf4-410a-94ad-3da5794070ef,Laurene,Avery,c48729e973784cbda749a2bc61e1262b@yandex.com,+INV 847-902-1253
56bb8a3a-4ac3-4174-a02d-b20adf3af550,Justin,Lott,3f2a90654c4a4415ac839fdd50ee2891@example.com,+INV 318-214-6251
a4e1369b-fdf4-4f05-a020-29bd832ca0c5,Alvin,West,d8c8d3e1bc894b1a88511cd50d2c9c18@outlook.com,+INV 094-324-2974
71037bbc-361f-4a2d-9a8e-f3961ed98a64,Albertina,Edwards,5c6ecc60ddbb4cc1b0d355c244c2c1b0@outlook.com,+INV 991-033-7245
0bcbb6cd-61b0-4c1c-9159-efe452135b4e,Alona,Goodman,84e0531a3cc44f208a16e2b3f5b13516@yahoo.com,+INV 093-196-2033
28994a8a-9af5-4f7e-a342-8dc67c894971,Lorenzo,Richmond,a097e15046764143a6bc805c9128d21c@duck.com,+INV 302-226-5023
21a6fc7f-8865-41d4-aafb-826a57c832a0,Neil,Nielsen,5a18173e075442ae96affd44e14cc8ff@example.com,+INV 018-357-8524
123b6d01-06cd-4e91-bb50-18d55ab9ef82,Sachiko,Maldonado,fcd14ac295274c22b38ac9044cc3ce58@example.org,+INV 232-021-9174
d03b5b30-847b-4a93-956b-e15e43218416,Connie,Henderson,c9d1f225c9c04afdb561ab7e84a15af6@yahoo.com,+INV 859-927-4839
9f739aca-ef4f-411c-80d2-88b208843aaf,Lenna,Olson,2d6aeb1c58b54882805030578573fd1d@example.org,+INV 523-231-9794
f25e7029-c929-4575-b246-5e5cb1dfbe81,Sumiko,Flores,3413c4288d644515aab0da3484541ba8@outlook.com,+INV 688-142-3741
a2425251-a89a-413b-8d83-06557025260e,Gustavo,Craig,ec6841298558423a8e8a8c16b36a5ffa@live.com,+INV 702-140-0544
6c92d7df-881b-4eea-a29f-839be0a67250,Arvilla,Lawrence,fde817d560f9458fb099f6f8cde3b102@duck.com,+INV 609-270-1238
4912c042-26e6-4c2d-99e5-84568712f35f,Ariane,Burke,3174d54059cc4d39b3e5acafb0e348a1@gmail.com,+INV 351-862-3929
4bea622e-d5cc-4034-a906-d04c3e1d5365,Tyesha,Norris,af600fa8c7a0466289d036725b9599cc@duck.com,+INV 460-027-9368
1dd63955-c5ec-45bf-beda-adce136838e1,Madlyn,Sutton,700e3e58b6454c0ab90abce282c78e56@protonmail.com,+INV 914-515-2426
ec02551a-6e65-422f-bb70-118129f705bf,Irmgard,Koch,ccbc700c8f2e40389812564520ac20fc@outlook.com,+INV 610-286-9469
d2166cdc-0987-4c69-916f-259aecdea3bf,Jadwiga,Copeland,8e2b04e3df4a4e19a602fc631d3ebdce@yahoo.com,+INV 672-286-6991
0e970b65-927d-424c-9e60-a74b00e96570,Russ,Logan,33b496d81b844238a085ddf66f7bc3d3@outlook.com,+INV 912-666-6787
2c791747-1ccd-42fb-a77f-b11d9939bb5c,Ralph,Lawrence,8764df012ab54eca979d9ee11f8759bf@outlook.com,+INV 713-739-8276
2052b051-8515-4d6b-b40e-9ab38dfa8fdd,Birgit,Elliott,4ae3593ee7ae418da4ce159262c81187@yandex.com,+INV 686-748-7252
f69af770-ddfd-463a-a2fd-9030b6078f31,Kiley,Bates,248faf7b232a480896ff1c3634bb799e@duck.com,+INV 455-002-9431
d126ab31-9343-44b9-8c72-bd47e363c8b0,Ngoc,Suarez,0e8830e869e34ff6ae462a1d516585b1@gmail.com,+INV 004-279-4916
2d81edf5-7aa1-40f6-9ab6-8472ceeb468e,Edyth,William,fdab1edcafa842279aae2b63ac4b6a60@protonmail.com,+INV 692-577-1864
88ecf735-7511-4208-ad46-3a825ca17b82,Antonio,Carey,bf724efa3bd04640a8775c2d9c5b51f2@duck.com,+INV 557-459-2083
b777a929-b706-4010-b9da-22fde9b29275,Jasper,Moreno,a24a18ff00ac431c87f96d82a1a38a85@yandex.com,+INV 222-792-3625
18ba8690-5f65-4f35-b8ac-6cb734ed8f1b,Herschel,Strong,3ec7b40d481a4e0396d3370227ff654b@gmail.com,+INV 984-622-4769
dce2507d-6da8-4f9c-9350-8537abec1ada,Gertrudis,Duke,98efb8a16a4841b7b4ae54ded4df90d4@example.com,+INV 298-278-5832
7335affe-5cdd-42fa-b939-afcb10be9f58,Art,Stone,b366171bd8e24e2eaf67471d5927701d@gmail.com,+INV 033-341-7734
28f345b1-8588-4709-8f0a-9fd48d15c9a5,Gita,Phelps,1a55b63f47ae49eda1a982c32af800b1@live.com,+INV 968-970-4464
127465bc-5001-4564-8f01-4a43c00885f1,Ethan,Boone,cc48b7d951da4097925a1d77873306bb@protonmail.com,+INV 026-016-0649
0c4912c8-f9ca-4df2-bbd3-aaf2ac05994b,Lecia,Larson,a30ddefd5aec43bb81726c509748ca16@duck.com,+INV 998-941-8332
0b7d37c4-00e4-43b9-9afa-9d03255a6d1b,Jean,Bishop,3287852b200a4faca639753e4de174a8@gmail.com,+INV 636-932-6443
2eb85520-2ec9-4544-8b4c-8c1e455eb4ca,Romana,Massey,0c5635450fd8401f973f46db538fcef0@example.org,+INV 801-924-2675
11e22bb8-1aeb-4e99-8172-6449f4720ac5,Corey,Baxter,bcfa1295d0714868b6a46e4b6f05c624@example.com,+INV 431-940-6851
9e6d5c7c-b041-4607-8650-642833acabad,Truman,Melendez,b508b2f55bfa4684bfbfc04a49495857@duck.com,+INV 953-984-9044
c67e1af6-9be8-4756-8cb6-560193cf924a,Neta,Chavez,2da46c732f3041dd8ecb455608da4077@duck.com,+INV 010-002-9615
598ddb8a-58a9-4c86-ae75-dab1f1b798ac,Grover,Cervantes,6102099b6671476bb00ded8f3a408aee@protonmail.com,+INV 378-136-9472
20ef4ee8-4dff-4d32-9585-69d45d1ca2d1,Myrtie,Cochran,dd5fcc1ef2d2468f9c476a0750df8bcd@example.org,+INV 230-288-1435
962aba06-80e5-40a9-82e5-832a578dc7a5,Archie,Barton,5904751365e24666b1d86ef40a25f3fa@yahoo.com,+INV 227-549-0211
eb776b85-13c5-4158-8a3e-573d19a752c6,Twana,Mejia,c3a0cb41e0b348b79a598a426588cb63@example.org,+INV 029-915-0319
5a6b8aef-50e4-409f-99e4-ce0ff86b8698,Jacquie,Osborn,3afedbddd0a74be1adb8fbdd756c8218@example.com,+INV 754-328-0895
ca8462d5-ed6e-4d3e-a6b9-b3b561328bf7,Amberly,Gross,a3b4978e8438451a9b0c0542573758cf@yahoo.com,+INV 756-717-7374
727612c9-239a-4f5d-9350-c3faf7117d83,Ermelinda,Donovan,787b67b8009442db9a8222c3e47d4806@outlook.com,+INV 237-412-5555
428a092f-da2c-4374-a7ab-35b2769c1f7f,Piedad,Caldwell,5a0138f595ac4ed482db36c608f12e07@yandex.com,+INV 937-471-4510
bd2edb33-3d79-4deb-ab7d-a282a35a587b,Emmaline,Britt,c79b26ff6ffe4c2e8c1329b5d5f81c26@live.com,+INV 730-729-3991
42ec0089-61df-479a-b7c0-22d11b06e37e,Dewayne,Horne,d27018e2a0be488f999f178e29d8564a@live.com,+INV 314-959-4352
1bf80363-2521-4c1d-aeca-b94cf8c745ac,Rodger,Torres,bc7fc8ea787f4350a96fc3e359c13073@outlook.com,+INV 666-511-8098
799d4f4b-ba71-4926-a1b2-943bf5e70803,Bert,Clemons,590f144ac14540468d3f3cdf0fc1e857@example.org,+INV 538-390-2394
c3653557-671b-4f4c-9f01-6a368f72b6f3,Shena,Curtis,f58af3e51e044c12a405d4ee07d5fa6d@live.com,+INV 742-315-6330
af7a7bf0-96e7-4149-8cea-3aac9057c12b,Monnie,Buchanan,73ac473c984244ffa06825d6e4bfb701@live.com,+INV 803-738-8581
2ca8b7f9-5fcd-43ef-83e3-9d07fe767c2d,Raphael,Conley,47bf5c1e1bb84da290892dead6b4c4a1@example.com,+INV 136-130-3546
a03e5e75-3846-454e-aa20-5bbc1ebfd077,Signe,Howell,acc72fec6bb8416dad830683f0e53b11@gmail.com,+INV 268-976-8262
950938c4-37d4-4040-b500-e036fd142bcd,Cira,Dunlap,def369b37393443f945d641fc2df645b@protonmail.com,+INV 148-360-0593
9b37f15d-2d7d-4fc0-a4be-b897a7549215,Billy,Velazquez,053c3b75336145edbe3d173e95f094de@example.org,+INV 856-752-9460
30e23315-3a1f-4e4d-821b-3fae57380f59,Dirk,Holman,b4adf959716744f8a7f3934a0ac68a76@yahoo.com,+INV 976-776-8305
a3c8ef35-cd7c-4a7c-8216-6b3dcd4e388c,Hedy,Gallegos,ecafc51211a34bf4930f83ad8854fe7f@outlook.com,+INV 921-437-9102
2b9cb564-8104-4b4f-bcc7-608cdb01d5f4,Nicky,Patrick,1be284410a254afabf9133326f78331d@yahoo.com,+INV 496-862-3551
23629ebe-e92a-4ca9-8ca7-2b9207835ea1,Shirely,Hancock,3f9ba0d723124bd1b135e01445f4ab5e@duck.com,+INV 724-888-9781
4ddfd5c0-c3f4-49f9-a81c-22259e241818,Stephen,Pruitt,f1922905141c4c2c90a5ca98deba0891@yahoo.com,+INV 097-207-6267
9a9f4422-5763-494a-8315-ce5658bd5e5d,Angelyn,Frazier,1703ebbddd454f2185dde21bc0ec7231@example.org,+INV 977-572-2339
00b783d2-d6d4-4868-92e3-d6e3b9970d7f,Ivelisse,Mayo,67b79a284f61437491d5ac2fc905896a@example.org,+INV 260-907-1351
8e9b67a0-2711-4343-a781-1b123e2ca2dc,Newton,Mitchell,136904ee6c8b4d8fae54299ca4211d10@outlook.com,+INV 951-142-0086
d03931b0-b33b-445b-aa8e-886b1b38c41f,Jose,O'donnell,7075b8fe49b04f3e9bf444fb3382b7f6@duck.com,+INV 480-884-7507
b16457cd-b53a-4576-bb3d-3b002a43fec9,Claud,Snyder,3e0ffc5194ed4908b6e68792f4cf1393@example.com,+INV 259-844-1283
f73af999-a741-470c-8aaf-d4101e86c9f1,Shonta,Cantu,8751837e463843238eea79a63fecaf58@yahoo.com,+INV 613-956-1891
999d0c9f-ed4d-4adc-a03e-ea7fb86f5bd9,Delmar,Gutierrez,f6772f766e6446b3b9318f6bd1d87f05@duck.com,+INV 668-624-5233
afd9fd81-0955-4617-97b0-4c9be3e03622,Zane,Duncan,1c984821eac248cbb1f374cb2e93940e@yahoo.com,+INV 777-944-0905
dbe2ed0a-4750-4c73-8c1d-0f11818ff96c,Tyron,Mitchell,bcc8372eef534b83837f998c87ce73a9@protonmail.com,+INV 327-626-2444
b76bbbe7-ba68-4918-9bf5-f7ad56364d5d,Usha,Ewing,27e16fae461d475b96c8f3eff4b4010c@yahoo.com,+INV 898-915-0144
fb7101a0-a32d-42a9-a6fe-d368e488847b,Milo,Bright,0ea184e65dc845a68c4c493caaffd657@outlook.com,+INV 408-650-7736
865e0a35-f42b-4e71-ae03-135762763f24,Lawerence,Mccullough,7524f7e89d444080ba529af9132b2491@outlook.com,+INV 687-904-0294
3fefcc20-7f39-48c9-b1e4-73abe681d594,Emerita,Stanton,f01f5076001746298f318a6983b613c8@example.com,+INV 737-883-5092
4e73f8fc-5cca-4a98-8b9b-6184a12282be,Annalisa,Hanson,f2165b3c8f184cd2a27bb3dff7dd834c@yahoo.com,+INV 804-201-5854
be64c649-85cf-4803-a6dd-af4defa11b9d,Joi,Warner,9eaa9166c9e94f8a95d47ef1d7e922d5@yahoo.com,+INV 219-689-2904
5d5a002c-a9ec-4018-9bfc-c5331e1b43e6,Delsie,Gilbert,0df6013246a549ad8f5b96b9dfe34175@protonmail.com,+INV 836-557-6379
5aa6a067-74a7-4b45-834f-3acf06e2b2ef,Twana,Burton,994d82672c754f2e855032f4f4a859cf@duck.com,+INV 555-209-7452
ce9e33cc-6492-4361-8921-a1f38742308f,Jaymie,Fernandez,c8b331e676b04d84a1377a477a5d9bfa@yahoo.com,+INV 377-284-0874
35865276-56ee-4cb2-8afc-c5fc87ac2742,Brittanie,Garza,080f574edd3a4d328614dcf1ad0b8da0@example.com,+INV 130-703-2756
400bd87a-59a2-472f-9d4e-02a6fb621231,Anthony,Burton,247439900e264dee952c8aa72047d8b4@yandex.com,+INV 454-412-7326
9b3d6b44-b727-4bd3-a059-dccedc78f14e,Wade,Levine,a3dd6b9265e54e1885ad1382c573e2e3@duck.com,+INV 977-117-6528
9eea6c46-0197-42f1-83d9-442eb6d3a1f8,Octavio,Meyer,a5920e1d82304519be204165e2018de0@example.com,+INV 185-979-9664
ba6d7d33-f498-4eb1-a4c5-771c654959f3,Hung,Kidd,d8e8c10fd41545518abc3e03ab0fd101@protonmail.com,+INV 463-564-9881
c8fb8054-4a9a-4a76-b7fb-63bc66de593a,Jon,Sykes,46f9b85fee7a44e18207b49631dfa092@protonmail.com,+INV 042-786-0531
65cca3c6-7155-4849-b778-b06ab0c63396,Lawerence,Odom,febdc0cd55714b77bef210401bedfaf1@live.com,+INV 711-402-8813
369c6488-5793-46b6-bf3d-10dc8b04b2dc,Quintin,Ortiz,836f2c24fb5447e097619801c6a3b51d@yandex.com,+INV 762-343-2331
b7216aba-ddea-4195-9911-f5a8cc60ed9d,Tyree,Becker,7afcf4ffd35444438a5cae2cbd6e2ce4@outlook.com,+INV 303-435-9754
da59eb75-bf73-49e9-8fab-e83eea8b266d,Tonie,Thompson,6e128d4ce5d944a59fdf03aff0c75254@duck.com,+INV 906-936-9051
bcf058cd-5c70-44a1-82e1-f93145c6d5f5,Lisha,Espinoza,5e13fcde655f4514b68cbc7d4426f5fe@duck.com,+INV 020-069-7868
d7f79b90-07a1-4bde-ac8d-b527cf76cf33,Annalee,House,ae0fc7b5e92f4f43aa524398dab57599@example.com,+INV 351-028-3654
fac8f902-a4e8-4db4-8bad-5ae2bfa833bc,Tomas,Hardy,eb84c95d534d4bd3ba0c75a7bb705537@example.org,+INV 226-379-6537
07f30c78-8211-48ce-a9a2-750a7b1ed5fd,Micheal,Snow,27d2ee0e15bd4fed871e02325620d20d@protonmail.com,+INV 240-447-5016
75bd0db6-eeb3-49c9-8284-6368fd68030e,Rich,Velez,a88d68ce123541058e0b7a2817461556@example.org,+INV 655-075-8335
e726531e-bbf0-413c-b574-387403fb0f32,Francoise,Kane,36c30d7842ed4f738b99519b68cfb41e@protonmail.com,+INV 513-869-2903
9c3290a3-40b3-4440-b734-02821e90bca2,Yang,Turner,5f0c48e2f87d45e999c3d891ecfe5c7d@yahoo.com,+INV 909-760-7229
7e5a85b5-1c21-423f-8330-fefd6d4059ec,Shu,Hale,92e2fff669704e07a3d690b5701e75ac@yahoo.com,+INV 529-150-7406
5145f516-a35f-4b6f-9abe-2b664ca9b716,Jacquelynn,Guy,08af85b943414ca68049466d5231d99c@outlook.com,+INV 781-628-9722
0fd6a7f7-8d94-497a-a2b7-0b027903cc34,Carlos,Lyons,8c8e3d632c674f40a3b4a791bc04ac04@example.com,+INV 683-998-8072
ab1b840f-3b73-4635-8c05-b1fced20479d,Shirleen,Kramer,a52c39dc9f894228bfba8e3916a65d93@duck.com,+INV 023-603-4013
582e3891-7c63-4bb4-9d4e-61eef182b022,Mikel,Donaldson,524b776aac4445da9287ee33d0a21645@gmail.com,+INV 394-372-4008
d5c6a9a4-daaf-4915-9bea-71a2dd39fe2e,Bernetta,Byers,3fddc950b7d14b2f83a9111bb72d9af5@yandex.com,+INV 129-054-1900
6c49a653-ea19-44a7-a083-72764d2c0ba8,Aracelis,Mullen,b12cee4ed7524b1e9d2ac86e40de6773@gmail.com,+INV 757-406-0185
06ba5fd7-c21d-4d63-9444-c993a9d9ee5c,Marshall,Lester,70812e9220d44546ae6752c9d1ebb465@protonmail.com,+INV 905-155-4837
ac88804b-227c-448c-bd10-aad6cc6da438,Deshawn,Pennington,37d7f6da793540449991ed0a949a0647@example.org,+INV 919-568-1958
c6ead73f-17e7-42df-aed8-8fe10acb2611,Carey,Malone,18e54e9dd8fc407b80bcd1c3f9967252@example.com,+INV 184-540-4075
35a7f37e-4099-4b1e-a313-07207ca65994,Nakisha,Parsons,16d027bcd8dc4313bf76538075417fcc@live.com,+INV 149-417-1451
eaf466e0-f519-4bba-92ec-78c0ef648b8a,Kelvin,Valdez,d3b84df93abf482592e45f2b2e806ace@duck.com,+INV 223-713-1242
